0,0,0,0,1,0,0,0,1,0,18.235,0,1236,1
0,0,0,0,1,0,0,0,1,0,18.235,0,900,1
0,0,0,0,1,0,0,0,1,0,18.235,0,2077,1
0,0,0,0,1,0,0,0,1,0,18.235,0,11783,1
0,0,0,0,1,0,0,0,1,0,18.235,0,257,1
0,0,0,0,1,0,0,0,1,0,18.235,0,620,1
0,0,0,0,1,0,0,0,1,0,18.235,0,792,1
0,0,0,0,1,0,0,0,0,1,11.28,0,499,1
0,0,0,0,1,0,0,0,1,0,18.235,0,629,1
0,0,0,0,1,0,0,0,1,0,18.235,0,567,1
0,0,0,0,1,0,0,0,1,0,18.235,0,5,1
0,0,0,0,1,0,0,0,1,0,18.235,0,59,1
0,0,0,0,1,0,0,0,1,0,18.235,0,2533,1
0,0,0,0,1,0,0,0,1,0,18.235,0,218,1
0,0,0,0,1,0,0,0,1,0,18.235,0,268,1
0,0,0,0,1,0,0,0,1,0,18.235,0,401,1
0,0,0,0,1,0,0,0,1,0,18.235,0,241,1
0,0,0,0,1,0,0,0,1,0,18.235,0,645,1
0,0,0,0,1,0,0,0,1,0,18.235,0,765,1
0,0,0,0,1,0,0,0,1,0,18.235,0,109451,1
0,0,0,0,1,0,0,0,1,0,18.235,0,33797,0
0,0,0,0,1,0,0,0,1,0,18.235,0,824,1
0,0,0,0,1,0,0,0,1,0,18.235,0,267,1
0,0,0,0,1,0,0,0,0,1,19.505,0,4122,1
0,0,0,0,1,0,0,0,0,1,11.28,0,1782,1
0,0,0,0,1,0,0,0,1,0,18.235,0,16980,1
0,0,0,0,1,0,0,0,1,0,18.235,0,13203,1
0,0,0,0,1,0,0,0,1,0,18.235,0,1236,1
0,0,0,0,1,0,0,0,1,0,18.235,0,12131,1
0,0,0,0,1,0,0,0,1,0,18.235,0,2477,1
0,0,0,0,1,0,0,0,1,0,18.235,0,804,0
0,0,0,0,1,0,0,0,1,0,18.235,0,415,1
0,0,0,0,1,0,0,0,1,0,18.235,0,248,1
0,0,0,0,1,0,0,0,0,1,11.28,0,36,1
0,0,0,0,1,0,0,0,1,0,18.235,0,2546,0
0,0,0,0,1,0,0,0,1,0,18.235,0,485,1
0,0,0,0,1,0,0,0,1,0,18.235,0,1217,1
0,0,0,0,1,0,0,0,1,0,18.235,0,362,0
0,0,0,0,1,0,0,0,1,0,18.235,0,1217,1
0,0,0,0,1,0,0,0,1,0,18.235,0,832,1
0,0,0,0,1,0,0,0,0,1,19.505,0,4124,1
0,0,0,0,1,0,0,0,1,0,18.235,0,1217,1
0,0,0,0,1,0,0,0,1,0,18.235,0,2510,1
0,0,0,0,1,0,0,0,1,0,18.235,0,1217,1
0,0,0,0,1,0,0,0,1,0,18.235,0,336,1
0,0,0,0,1,0,0,0,1,0,18.235,0,1217,1
0,0,0,0,1,0,0,0,1,0,18.235,0,1217,1
0,0,0,0,1,0,0,0,1,0,18.235,0,130,0
0,0,0,0,1,0,0,0,1,0,18.235,0,333,0
0,0,0,0,1,0,0,0,1,0,18.235,0,1217,1
0,0,0,0,1,0,0,0,1,0,18.235,0,1676,1
0,0,0,0,1,0,0,0,1,0,18.235,0,1217,1
0,0,0,0,1,0,0,0,1,0,18.235,0,522,1
0,0,0,0,1,0,0,0,1,0,18.235,0,233,1
0,0,0,0,1,0,0,0,1,0,18.235,0,2808,1
0,0,0,0,1,0,0,0,1,0,18.235,0,548,0
0,0,0,0,1,0,0,0,1,0,18.235,0,198,1
0,0,0,0,1,0,0,0,0,1,11.28,0,138,1
0,0,0,0,1,0,0,0,1,0,18.235,0,687,1
0,0,0,0,1,0,0,0,1,0,18.235,0,7270,0
0,0,0,0,1,0,0,0,1,0,18.235,0,333,1
0,0,0,0,1,0,0,0,1,0,18.235,0,11843,1
0,0,0,0,1,0,0,0,1,0,18.235,0,1504,1
0,0,0,0,1,0,0,0,1,0,18.235,0,2216,1
0,0,0,0,1,0,0,0,1,0,18.235,0,863,0
0,0,0,0,1,0,0,0,1,0,18.235,0,5378,1
0,0,0,0,1,0,0,0,1,0,18.235,0,710,0
0,0,0,0,1,0,0,0,1,0,18.235,0,3131,0
0,0,0,0,1,0,0,0,0,1,6.4399999999999995,0,1592,1
0,0,0,0,1,0,0,0,1,0,18.235,0,623,0
0,0,0,0,1,0,0,0,1,0,18.235,0,900,1
0,0,0,0,1,0,0,0,1,0,18.235,0,878,1
0,0,0,0,1,0,0,0,1,0,18.235,0,515,1
0,0,0,0,1,0,0,0,1,0,18.235,0,1526,0
0,0,0,0,1,0,0,0,1,0,18.235,0,198,0
0,0,0,0,1,0,0,0,1,0,18.235,0,39249,1
0,0,0,0,1,0,0,0,1,0,18.235,0,3137,1
0,0,0,0,1,0,0,0,0,1,11.28,0,138,0
0,0,0,0,1,0,0,0,1,0,18.235,0,207,1
0,0,0,0,1,0,0,0,1,0,18.235,0,230,1
0,0,0,0,1,0,0,0,1,0,18.235,0,207,1
0,0,0,0,1,0,0,0,1,0,18.235,0,1021,1
0,0,0,0,1,0,0,0,1,0,18.235,0,343,1
0,0,0,0,1,0,0,0,1,0,18.235,0,900,0
0,0,0,0,1,0,0,0,1,0,18.235,0,3365,1
0,0,0,0,1,0,0,0,1,0,18.235,0,3078,1
0,0,0,0,1,0,0,0,1,0,18.235,0,669,1
0,0,0,0,1,0,0,0,1,0,18.235,0,900,1
0,0,0,0,1,0,0,0,1,0,18.235,0,176,1
0,0,0,0,1,0,0,0,1,0,18.235,0,410,1
0,0,0,0,1,0,0,0,1,0,18.235,0,3450,1
0,0,0,0,1,0,0,0,1,0,18.235,0,2441,1
0,0,0,0,1,0,0,0,1,0,18.235,0,660,1
0,0,0,0,1,0,0,0,1,0,18.235,0,3137,1
0,0,0,0,1,0,0,0,1,0,18.235,0,57,1
0,0,0,0,1,0,0,0,1,0,18.235,0,490,1
0,0,0,0,1,0,0,0,1,0,18.235,0,487,0
0,0,0,0,1,0,0,0,1,0,18.235,0,292,1
0,0,0,0,1,0,0,0,1,0,18.235,0,1560,1
0,0,0,0,1,0,0,0,1,0,18.235,0,1215,1
0,0,0,0,1,0,0,0,1,0,18.235,0,246,1
0,0,0,0,1,0,0,0,1,0,18.235,0,904,1
0,0,0,0,1,0,0,0,1,0,18.235,0,713,0
0,0,0,0,1,0,0,0,0,1,11.28,0,844,0
0,0,0,0,1,0,0,0,1,0,18.235,0,900,1
0,0,0,0,1,0,0,0,1,0,18.235,0,656,1
0,0,0,0,1,0,0,0,1,0,18.235,0,25,1
0,0,0,0,1,0,0,0,0,1,11.28,0,844,0
0,0,0,0,1,0,0,0,0,1,6.4399999999999995,0,1591,1
0,0,0,0,1,0,0,0,1,0,18.235,0,429,1
0,0,0,0,1,0,0,0,1,0,18.235,0,1793,0
0,0,0,0,1,0,0,0,0,1,11.28,0,2020,1
0,0,0,0,1,0,0,0,1,0,18.235,0,332926,1
0,0,0,0,1,0,0,0,1,0,18.235,0,429,1
0,0,0,0,1,0,0,0,1,0,18.235,0,3610,1
0,0,0,0,1,0,0,0,1,0,18.235,0,180,0
0,0,0,0,1,0,0,0,1,0,18.235,0,900,1
0,0,0,0,1,0,0,0,1,0,18.235,0,616,1
0,0,0,0,1,0,0,0,1,0,18.235,0,487,0
0,0,0,0,1,0,0,0,1,0,18.235,0,264,1
0,0,0,0,1,0,0,0,1,0,18.235,0,5,1
0,0,0,0,1,0,0,0,1,0,18.235,0,397,0
0,0,0,0,1,0,0,0,1,0,18.235,0,1723,1
0,0,0,0,1,0,0,0,0,1,19.505,0,423,0
0,0,0,0,1,0,0,0,1,0,18.235,0,93,1
0,0,0,0,1,0,0,0,1,0,18.235,0,629,1
0,0,0,0,1,0,0,0,1,0,18.235,0,487,1
0,0,0,0,1,0,0,0,1,0,18.235,0,900,1
0,0,0,0,1,0,0,0,1,0,18.235,0,35,1
0,0,0,0,1,0,0,0,1,0,18.235,0,682,1
0,0,0,0,1,0,0,0,1,0,18.235,0,920,1
0,0,0,0,1,0,0,0,1,0,18.235,0,332926,1
0,0,0,0,1,0,0,0,1,0,18.235,0,15,1
0,0,0,0,1,0,0,0,1,0,18.235,0,506,1
0,0,0,0,1,0,0,0,1,0,18.235,0,944,1
0,0,0,0,1,0,0,0,1,0,18.235,0,1132,1
0,0,0,0,1,0,0,0,1,0,18.235,0,616,1
0,0,0,0,1,0,0,0,1,0,18.235,0,771,1
0,0,0,0,1,0,0,0,0,1,18.8,0,1086,1
0,0,0,0,1,0,0,0,1,0,18.235,0,1067,1
0,0,0,0,1,0,0,0,0,1,11.28,0,778,1
0,0,0,0,1,0,0,0,1,0,18.235,0,1567,1
0,0,0,0,1,0,0,0,0,1,6.4399999999999995,0,1591,1
0,0,0,0,1,0,0,0,1,0,18.235,0,104,1
0,0,0,0,1,0,0,0,1,0,18.235,0,900,1
0,0,0,0,1,0,0,0,1,0,18.235,0,616,1
0,0,0,0,1,0,0,0,0,1,11.28,0,851,1
0,0,0,0,1,0,0,0,1,0,18.235,0,487,0
0,0,0,0,1,0,0,0,0,1,19.505,0,57,1
0,0,0,0,1,0,0,0,0,1,6.4399999999999995,0,79,1
0,0,0,0,1,0,0,0,1,0,18.235,0,257,1
0,0,0,0,1,0,0,0,1,0,18.235,0,771,1
0,0,0,0,1,0,0,0,1,0,18.235,0,660,1
0,0,0,0,1,0,0,0,1,0,18.235,0,13546,1
0,0,0,0,1,0,0,0,1,0,18.235,0,8769,1
0,0,0,0,1,0,0,0,1,0,18.235,0,177,1
0,0,0,0,1,0,0,0,1,0,18.235,0,597,1
0,0,0,0,1,0,0,0,1,0,18.235,0,860,1
0,0,0,0,1,0,0,0,1,0,18.235,0,296,1
0,0,0,0,1,0,0,0,1,0,18.235,0,2860,1
0,0,0,0,1,0,0,0,1,0,18.235,0,1399,1
0,0,0,0,1,0,0,0,1,0,18.235,0,302,1
0,0,0,0,1,0,0,0,1,0,18.235,0,264,0
0,0,0,0,1,0,0,0,1,0,18.235,0,18680,1
0,0,0,0,1,0,0,0,1,0,18.235,0,1711,1
0,0,0,0,1,0,0,0,1,0,18.235,0,1560,1
0,0,0,0,1,0,0,0,1,0,18.235,0,3468,1
0,0,0,0,1,0,0,0,1,0,18.235,0,192,1
0,0,0,0,1,0,0,0,1,0,18.235,0,548,1
0,0,0,0,1,0,0,0,1,0,18.235,0,1344,0
0,0,0,0,1,0,0,0,1,0,18.235,0,616,1
0,0,0,0,1,0,0,0,1,0,18.235,0,257,1
0,0,0,0,1,0,0,0,1,0,18.235,0,2446,0
0,0,0,0,1,0,0,0,1,0,18.235,0,44069,1
0,0,0,0,1,0,0,0,1,0,18.235,0,687,1
0,0,0,0,1,0,0,0,1,0,18.235,0,597,0
0,0,0,0,1,0,0,0,1,0,18.235,0,3131,0
0,0,0,0,1,0,0,0,1,0,18.235,0,484,1
0,0,0,0,1,0,0,0,0,1,6.4399999999999995,0,1591,1
0,0,0,0,1,0,0,0,0,1,18.8,0,236,1
0,0,0,0,1,0,0,0,1,0,18.235,0,50523,1
0,0,0,0,1,0,0,0,1,0,18.235,0,3078,1
0,0,0,0,1,0,0,0,1,0,18.235,0,746,1
0,0,0,0,1,0,0,0,1,0,18.235,0,71,1
0,0,0,0,1,0,0,0,1,0,18.235,0,413,1
0,0,0,0,1,0,0,0,1,0,18.235,0,153,1
0,0,0,0,1,0,0,0,1,0,18.235,0,123,0
0,0,0,0,1,0,0,0,1,0,18.235,0,821,1
0,0,0,0,1,0,0,0,1,0,18.235,0,1793,1
0,0,0,0,1,0,0,0,0,1,6.4399999999999995,0,1591,1
0,0,0,0,1,0,0,0,1,0,18.235,0,101,1
0,0,0,0,1,0,0,0,1,0,18.235,0,3289,1
0,0,0,0,1,0,0,0,1,0,18.235,0,867,1
0,0,0,0,1,0,0,0,1,0,18.235,0,3610,1
0,0,0,0,1,0,0,0,1,0,18.235,0,134,1
0,0,0,0,1,0,0,0,0,1,18.8,0,190,1
0,0,0,0,1,0,0,0,0,1,11.28,0,181,1
0,0,0,0,1,0,0,0,0,1,19.505,0,57,1
0,0,0,0,1,0,0,0,1,0,18.235,0,414,0
0,0,0,0,1,0,0,0,0,1,11.28,0,309,1
0,0,0,0,1,0,0,0,1,0,18.235,0,454,1
0,0,0,0,1,0,0,0,1,0,18.235,0,446,1
0,0,0,0,1,0,0,0,1,0,18.235,0,212,1
0,0,0,0,1,0,0,0,1,0,18.235,0,597,0
0,0,0,0,1,0,0,0,1,0,18.235,0,20425,1
0,0,0,0,1,0,0,0,1,0,18.235,0,3610,1
0,0,0,0,1,0,0,0,1,0,18.235,0,206,1
0,0,0,0,1,0,0,0,1,0,18.235,0,264,1
0,0,0,0,1,0,0,0,1,0,18.235,0,226,1
0,0,0,0,1,0,0,0,1,0,18.235,0,110,1
0,0,0,0,1,0,0,0,1,0,18.235,0,186,1
0,0,0,0,1,0,0,0,1,0,18.235,0,180,1
0,0,0,0,1,0,0,0,1,0,18.235,0,2711,0
0,0,0,0,1,0,0,0,1,0,18.235,0,3610,1
0,0,0,0,1,0,0,0,1,0,18.235,0,50,1
0,0,0,0,1,0,0,0,1,0,18.235,0,3075,1
0,0,0,0,1,0,0,0,1,0,18.235,0,217,0
0,0,0,0,1,0,0,0,1,0,18.235,0,666,1
0,0,0,0,1,0,0,0,1,0,18.235,0,204,0
0,0,0,0,1,0,0,0,1,0,18.235,0,233,1
0,0,0,0,1,0,0,0,1,0,18.235,0,1560,0
0,0,0,0,1,0,0,0,1,0,18.235,0,1792,0
0,0,0,0,1,0,0,0,0,1,11.28,0,47,0
0,0,0,0,1,0,0,0,1,0,18.235,0,2060,1
0,0,0,0,1,0,0,0,1,0,18.235,0,746,1
0,0,0,0,1,0,0,0,1,0,18.235,0,1399,1
0,0,0,0,1,0,0,0,1,0,18.235,0,7185,1
0,0,0,0,1,0,0,0,1,0,18.235,0,348,1
0,0,0,0,1,0,0,0,1,0,18.235,0,17,1
0,0,0,0,1,0,0,0,1,0,18.235,0,388,1
0,0,0,0,1,0,0,0,1,0,18.235,0,877,1
0,0,0,0,1,0,0,0,1,0,18.235,0,240,1
0,0,0,0,1,0,0,0,1,0,18.235,0,3137,1
0,0,0,0,1,0,0,0,1,0,18.235,0,437,0
0,0,0,0,1,0,0,0,1,0,18.235,0,3610,1
0,0,0,0,1,0,0,0,1,0,18.235,0,487,0
0,0,0,0,1,0,0,0,1,0,18.235,0,738,1
0,0,0,0,1,0,0,0,1,0,18.235,0,503,1
0,0,0,0,1,0,0,0,1,0,18.235,0,91,1
0,0,0,0,1,0,0,0,0,1,7.325,0,381,0
0,0,0,0,1,0,0,0,1,0,18.235,0,236,1
0,0,0,0,1,0,0,0,0,1,11.28,0,25539,0
0,0,0,0,1,0,0,0,1,0,18.235,0,5365,1
0,0,0,0,1,0,0,0,1,0,18.235,0,3610,1
0,0,0,0,1,0,0,0,1,0,18.235,0,414,0
0,0,0,0,1,0,0,0,1,0,18.235,0,3137,1
0,0,0,0,1,0,0,0,1,0,18.235,0,1912,1
0,0,0,0,1,0,0,0,1,0,18.235,0,487,0
0,0,0,0,1,0,0,0,1,0,18.235,0,716,1
0,0,0,0,1,0,0,0,1,0,18.235,0,3078,1
0,0,0,0,1,0,0,0,1,0,18.235,0,1115,1
0,0,0,0,1,0,0,0,1,0,18.235,0,101,1
0,0,0,0,1,0,0,0,1,0,18.235,0,1064,1
0,0,0,0,1,0,0,0,1,0,18.235,0,424,1
0,0,0,0,1,0,0,0,0,1,6.4399999999999995,0,1591,1
0,0,0,0,1,0,0,0,1,0,18.235,0,521,1
0,0,0,0,1,0,0,0,1,0,18.235,0,666,1
0,0,0,0,1,0,0,0,1,0,18.235,0,1506,1
0,0,0,0,1,0,0,0,1,0,18.235,0,3610,1
0,0,0,0,1,0,0,0,1,0,18.235,0,341,1
0,0,0,0,1,0,0,0,1,0,18.235,0,16325,0
0,0,0,0,1,0,0,0,1,0,18.235,0,738,1
0,0,0,0,1,0,0,0,1,0,18.235,0,101,1
0,0,0,0,1,0,0,0,1,0,18.235,0,3245,1
0,0,0,0,1,0,0,0,1,0,18.235,0,1525,1
0,0,0,0,1,0,0,0,1,0,18.235,0,113,1
0,0,0,0,1,0,0,0,1,0,18.235,0,971,0
0,0,0,0,1,0,0,0,1,0,18.235,0,3610,1
0,0,0,0,1,0,0,0,1,0,18.235,0,44070,1
0,0,0,0,1,0,0,0,1,0,18.235,0,139,0
0,0,0,0,1,0,0,0,1,0,18.235,0,10927,0
0,0,0,0,1,0,0,0,1,0,18.235,0,118,1
0,0,0,0,1,0,0,0,1,0,18.235,0,1101,1
0,0,0,0,1,0,0,0,0,1,11.28,0,183,1
0,0,0,0,1,0,0,0,1,0,18.235,0,616,1
0,0,0,0,1,0,0,0,1,0,18.235,0,135,1
0,0,0,0,1,0,0,0,1,0,18.235,0,71,0
0,0,0,0,1,0,0,0,1,0,18.235,0,936,1
0,0,0,0,1,0,0,0,1,0,18.235,0,3610,0
0,0,0,0,1,0,0,0,1,0,18.235,0,368,1
0,0,0,0,1,0,0,0,1,0,18.235,0,2530,1
0,0,0,0,1,0,0,0,1,0,18.235,0,6234,1
0,0,0,0,1,0,0,0,1,0,18.235,0,669,1
0,0,0,0,1,0,0,0,1,0,18.235,0,276,0
0,0,0,0,1,0,0,0,0,1,11.28,0,924,1
0,0,0,0,1,0,0,0,1,0,18.235,0,389,1
0,0,0,0,1,0,0,0,1,0,18.235,0,3131,1
0,0,0,0,1,0,0,0,1,0,18.235,0,91,1
0,0,0,0,1,0,0,0,1,0,18.235,0,3610,1
0,0,0,0,1,0,0,0,1,0,18.235,0,78,1
0,0,0,0,1,0,0,0,1,0,18.235,0,1711,1
0,0,0,0,1,0,0,0,1,0,18.235,0,88,1
0,0,0,0,1,0,0,0,0,1,11.28,0,542,1
0,0,0,0,1,0,0,0,0,1,6.4399999999999995,0,1591,1
0,0,0,0,1,0,0,0,1,0,18.235,0,209,1
0,0,0,0,1,0,0,0,1,0,18.235,0,1035,0
0,0,0,0,1,0,0,0,1,0,18.235,0,377,1
0,0,0,0,1,0,0,0,1,0,18.235,0,561,1
0,0,0,0,1,0,0,0,1,0,18.235,0,1035,0
0,0,0,0,1,0,0,0,1,0,18.235,0,297,1
0,0,0,0,1,0,0,0,1,0,18.235,0,747,1
0,0,0,0,1,0,0,0,1,0,18.235,0,233,1
0,0,0,0,1,0,0,0,1,0,18.235,0,3610,1
0,0,0,0,1,0,0,0,1,0,18.235,0,1560,1
0,0,0,0,1,0,0,0,1,0,18.235,0,6726,1
0,0,0,0,1,0,0,0,1,0,18.235,0,166,1
0,0,0,0,1,0,0,0,0,1,6.4399999999999995,0,21959,1
0,0,0,0,1,0,0,0,1,0,18.235,0,16628,0
0,0,0,0,1,0,0,0,1,0,18.235,0,1399,1
0,0,0,0,1,0,0,0,1,0,18.235,0,44070,1
0,0,0,0,1,0,0,0,1,0,18.235,0,233,1
0,0,0,0,1,0,0,0,1,0,18.235,0,148,1
0,0,0,0,1,0,0,0,1,0,18.235,0,22900,1
0,0,0,0,1,0,0,0,0,1,7.325,0,356,1
0,0,0,0,1,0,0,0,1,0,18.235,0,1998,1
0,0,0,0,1,0,0,0,1,0,18.235,0,1217,1
0,0,0,0,1,0,0,0,1,0,18.235,0,59,1
0,0,0,0,1,0,0,0,1,0,18.235,0,250,0
0,0,0,0,1,0,0,0,1,0,18.235,0,3610,1
0,0,0,0,1,0,0,0,1,0,18.235,0,78,1
0,0,0,0,1,0,0,0,1,0,18.235,0,1306,1
0,0,0,0,1,0,0,0,1,0,18.235,0,1217,1
0,0,0,0,1,0,0,0,1,0,18.235,0,25,1
0,0,0,0,1,0,0,0,1,0,18.235,0,110,1
0,0,0,0,1,0,0,0,1,0,18.235,0,1217,1
0,0,0,0,1,0,0,0,1,0,18.235,0,291,1
0,0,0,0,1,0,0,0,1,0,18.235,0,597,1
0,0,0,0,1,0,0,0,1,0,18.235,0,1217,0
0,0,0,0,1,0,0,0,1,0,18.235,0,16926,1
0,0,0,0,1,0,0,0,1,0,18.235,0,1217,1
0,0,0,0,1,0,0,0,0,1,18.235,0,9839,1
0,0,0,0,1,0,0,0,1,0,18.235,0,1217,1
0,0,0,0,1,0,0,0,1,0,18.235,0,3610,1
0,0,0,0,1,0,0,0,1,0,18.235,0,117,1
0,0,0,0,1,0,0,0,1,0,18.235,0,104,1
0,0,0,0,1,0,0,0,1,0,18.235,0,327,1
0,0,0,0,1,0,0,0,1,0,18.235,0,1383,1
0,0,0,0,1,0,0,0,1,0,18.235,0,1217,1
0,0,0,0,1,0,0,0,1,0,18.235,0,625,1
0,0,0,0,1,0,0,0,1,0,18.235,0,430,1
0,0,0,0,1,0,0,0,1,0,18.235,0,2622,1
0,0,0,0,1,0,0,0,1,0,18.235,0,1217,1
0,0,0,0,1,0,0,0,1,0,18.235,0,222,1
0,0,0,0,1,0,0,0,1,0,18.235,0,322,0
0,0,0,0,1,0,0,0,1,0,18.235,0,1567,1
0,0,0,0,1,0,0,0,1,0,18.235,0,597,1
0,0,0,0,1,0,0,0,1,0,18.235,0,104,1
0,0,0,0,1,0,0,0,1,0,18.235,0,147,1
0,0,0,0,1,0,0,0,1,0,18.235,0,1217,1
0,0,0,0,1,0,0,0,0,1,11.28,0,628,1
0,0,0,0,1,0,0,0,1,0,18.235,0,374,1
0,0,0,0,1,0,0,0,1,0,18.235,0,1217,1
0,0,0,0,1,0,0,0,1,0,18.235,0,340,1
0,0,0,0,1,0,0,0,1,0,18.235,0,942,1
0,0,0,0,1,0,0,0,1,0,18.235,0,772,1
0,0,0,0,1,0,0,0,1,0,18.235,0,1217,1
0,0,0,0,1,0,0,0,1,0,18.235,0,5115,1
0,0,0,0,1,0,0,0,1,0,18.235,0,472,0
0,0,0,0,1,0,0,0,1,0,18.235,0,1217,1
0,0,0,0,1,0,0,0,1,0,18.235,0,1998,0
0,0,0,0,1,0,0,0,0,1,18.8,0,306,0
0,0,0,0,1,0,0,0,0,1,6.4399999999999995,0,1591,0
0,0,0,0,1,0,0,0,1,0,18.235,0,1217,1
0,0,0,0,1,0,0,0,1,0,18.235,0,616,1
0,0,0,0,1,0,0,0,1,0,18.235,0,166,1
0,0,0,0,1,0,0,0,1,0,18.235,0,554,1
0,0,0,0,1,0,0,0,1,0,18.235,0,760,1
0,0,0,0,1,0,0,0,1,0,18.235,0,1217,1
0,0,0,0,1,0,0,0,1,0,18.235,0,442,1
0,0,0,0,1,0,0,0,1,0,18.235,0,930,1
0,0,0,0,1,0,0,0,1,0,18.235,0,487,1
0,0,0,0,1,0,0,0,1,0,18.235,0,942,1
0,0,0,0,1,0,0,0,1,0,18.235,0,1217,1
0,0,0,0,1,0,0,0,1,0,18.235,0,239,1
0,0,0,0,1,0,0,0,1,0,18.235,0,616,1
0,0,0,0,1,0,0,0,1,0,18.235,0,1560,1
0,0,0,0,1,0,0,0,1,0,18.235,0,250,1
0,0,0,0,1,0,0,0,1,0,18.235,0,22900,1
0,0,0,0,1,0,0,0,1,0,18.235,0,1217,1
0,0,0,0,1,0,0,0,1,0,18.235,0,725,1
0,0,0,0,1,0,0,0,1,0,18.235,0,1217,1
0,0,0,0,1,0,0,0,1,0,18.235,0,3994,1
0,0,0,0,1,0,0,0,0,1,11.28,0,13,1
0,0,0,0,1,0,0,0,1,0,18.235,0,849,1
0,0,0,0,1,0,0,0,1,0,18.235,0,16325,1
0,0,0,0,1,0,0,0,1,0,18.235,0,1217,1
0,0,0,0,1,0,0,0,1,0,18.235,0,4128,1
0,0,0,0,1,0,0,0,1,0,18.235,0,779,0
0,0,0,0,1,0,0,0,0,1,11.28,0,283,1
0,0,0,0,1,0,0,0,1,0,18.235,0,1217,1
0,0,0,0,1,0,0,0,1,0,18.235,0,13522,1
0,0,0,0,1,0,0,0,1,0,18.235,0,186,1
0,0,0,0,1,0,0,0,1,0,18.235,0,148,1
0,0,0,0,1,0,0,0,1,0,18.235,0,1282,1
0,0,0,0,1,0,0,0,1,0,18.235,0,1506,1
0,0,0,0,1,0,0,0,0,1,6.4399999999999995,0,1591,1
0,0,0,0,1,0,0,0,0,1,19.505,0,203,1
0,0,0,0,1,0,0,0,1,0,18.235,0,435,0
0,0,0,0,1,0,0,0,1,0,18.235,0,4128,1
0,0,0,0,1,0,0,0,0,1,6.4399999999999995,0,640,1
0,0,0,0,1,0,0,0,1,0,18.235,0,1217,1
0,0,0,0,1,0,0,0,1,0,18.235,0,3848,1
0,0,0,0,1,0,0,0,1,0,18.235,0,4128,1
0,0,0,0,1,0,0,0,1,0,18.235,0,5664,1
0,0,0,0,1,0,0,0,1,0,18.235,0,153,1
0,0,0,0,1,0,0,0,1,0,18.235,0,1217,1
0,0,0,0,1,0,0,0,0,1,11.28,0,47,1
0,0,0,0,1,0,0,0,1,0,18.235,0,1217,1
0,0,0,0,1,0,0,0,1,0,18.235,0,6096,0
0,0,0,0,1,0,0,0,1,0,18.235,0,4128,1
0,0,0,0,1,0,0,0,1,0,18.235,0,4128,1
0,0,0,0,1,0,0,0,1,0,18.235,0,739,1
0,0,0,0,1,0,0,0,1,0,18.235,0,1217,1
0,0,0,0,1,0,0,0,1,0,18.235,0,1525,0
0,0,0,0,1,0,0,0,1,0,18.235,0,250,1
0,0,0,0,1,0,0,0,1,0,18.235,0,166,1
0,0,0,0,1,0,0,0,1,0,18.235,0,1217,1
0,0,0,0,1,0,0,0,0,1,11.28,0,728,1
0,0,0,0,1,0,0,0,1,0,18.235,0,1217,1
0,0,0,0,1,0,0,0,0,1,19.505,0,97,1
0,0,0,0,1,0,0,0,1,0,18.235,0,1217,1
0,0,0,0,1,0,0,0,1,0,18.235,0,198,1
0,0,0,0,1,0,0,0,1,0,18.235,0,22320,1
0,0,0,0,1,0,0,0,1,0,18.235,0,1217,1
0,0,0,0,1,0,0,0,1,0,18.235,0,1530,1
0,0,0,0,1,0,0,0,1,0,18.235,0,6234,1
0,0,0,0,1,0,0,0,1,0,18.235,0,1215,1
0,0,0,0,1,0,0,0,1,0,18.235,0,99,1
0,0,0,0,1,0,0,0,1,0,18.235,0,1217,1
0,0,0,0,1,0,0,0,1,0,18.235,0,1217,1
0,0,0,0,1,0,0,0,1,0,18.235,0,1217,0
0,0,0,0,1,0,0,0,1,0,18.235,0,792,1
0,0,0,0,1,0,0,0,1,0,18.235,0,148,1
0,0,0,0,1,0,0,0,1,0,18.235,0,50123,1
0,0,0,0,1,0,0,0,1,0,18.235,0,276,0
0,0,0,0,1,0,0,0,1,0,18.235,0,1132,1
0,0,0,0,1,0,0,0,1,0,18.235,0,1530,1
0,0,0,0,1,0,0,0,1,0,18.235,0,521,1
0,0,0,0,1,0,0,0,1,0,18.235,0,271,0
0,0,0,0,1,0,0,0,1,0,18.235,0,779,0
0,0,0,0,1,0,0,0,0,1,6.4399999999999995,0,337,0
0,0,0,0,1,0,0,0,1,0,18.235,0,262,1
0,0,0,0,1,0,0,0,1,0,18.235,0,3508,1
0,0,0,0,1,0,0,0,1,0,18.235,0,314,1
0,0,0,0,1,0,0,0,1,0,18.235,0,415,1
0,0,0,0,1,0,0,0,1,0,18.235,0,1378,0
0,0,0,0,1,0,0,0,1,0,18.235,0,96,1
0,0,0,0,1,0,0,0,1,0,18.235,0,709,1
0,0,0,0,1,0,0,0,0,1,11.28,0,269,0
0,0,0,0,1,0,0,0,0,1,6.4399999999999995,0,119,1
0,0,0,0,1,0,0,0,1,0,18.235,0,166,1
0,0,0,0,1,0,0,0,1,0,18.235,0,22900,1
0,0,0,0,1,0,0,0,1,0,18.235,0,66,1
0,0,0,0,1,0,0,0,0,1,11.28,0,321,1
0,0,0,0,1,0,0,0,1,0,18.235,0,589,1
0,0,0,0,1,0,0,0,1,0,18.235,0,377,1
0,0,0,0,1,0,0,0,1,0,18.235,0,772,1
0,0,0,0,1,0,0,0,1,0,18.235,0,390,1
0,0,0,0,1,0,0,0,1,0,18.235,0,80,1
0,0,0,0,1,0,0,0,0,1,6.4399999999999995,0,1380,1
0,0,0,0,1,0,0,0,1,0,18.235,0,257,1
0,0,0,0,1,0,0,0,1,0,18.235,0,5190,1
0,0,0,0,1,0,0,0,1,0,18.235,0,725,0
0,0,0,0,1,0,0,0,1,0,18.235,0,184,1
0,0,0,0,1,0,0,0,1,0,18.235,0,1218,1
0,0,0,0,1,0,0,0,1,0,18.235,0,1912,1
0,0,0,0,1,0,0,0,1,0,18.235,0,1218,1
0,0,0,0,1,0,0,0,1,0,18.235,0,780,1
0,0,0,0,1,0,0,0,1,0,18.235,0,1567,1
0,0,0,0,1,0,0,0,1,0,18.235,0,1218,1
0,0,0,0,1,0,0,0,1,0,18.235,0,262,1
0,0,0,0,1,0,0,0,1,0,18.235,0,1218,0
0,0,0,0,1,0,0,0,0,1,11.28,0,321,1
0,0,0,0,1,0,0,0,1,0,18.235,0,1218,0
0,0,0,0,1,0,0,0,0,1,11.28,0,1653,1
0,0,0,0,1,0,0,0,1,0,18.235,0,1218,1
0,0,0,0,1,0,0,0,1,0,18.235,0,1218,1
0,0,0,0,1,0,0,0,1,0,18.235,0,1497,1
0,0,0,0,1,0,0,0,0,1,11.28,0,901,0
0,0,0,0,1,0,0,0,1,0,18.235,0,1113,1
0,0,0,0,1,0,0,0,1,0,18.235,0,353,1
0,0,0,0,1,0,0,0,1,0,18.235,0,485,1
0,0,0,0,1,0,0,0,1,0,18.235,0,1218,1
0,0,0,0,1,0,0,0,1,0,18.235,0,1383,1
0,0,0,0,1,0,0,0,1,0,18.235,0,656,0
0,0,0,0,1,0,0,0,1,0,18.235,0,1218,1
0,0,0,0,1,0,0,0,1,0,18.235,0,22900,0
0,0,0,0,1,0,0,0,1,0,18.235,0,1525,0
0,0,0,0,1,0,0,0,1,0,18.235,0,54697,1
0,0,0,0,1,0,0,0,1,0,18.235,0,1218,1
0,0,0,0,1,0,0,0,0,1,6.4399999999999995,0,119,1
0,0,0,0,1,0,0,0,1,0,18.235,0,694,1
0,0,0,0,1,0,0,0,1,0,18.235,0,1218,1
0,0,0,0,1,0,0,0,1,0,18.235,0,1070,0
0,0,0,0,1,0,0,0,1,0,18.235,0,1383,1
0,0,0,0,1,0,0,0,1,0,18.235,0,153,0
0,0,0,0,1,0,0,0,1,0,18.235,0,772,1
0,0,0,0,1,0,0,0,1,0,18.235,0,1218,0
0,0,0,0,1,0,0,0,1,0,18.235,0,8003,0
0,0,0,0,1,0,0,0,1,0,18.235,0,13226,1
0,0,0,0,1,0,0,0,1,0,18.235,0,1218,0
0,0,0,0,1,0,0,0,0,1,18.235,0,1409,1
0,0,0,0,1,0,0,0,1,0,18.235,0,1218,1
0,0,0,0,1,0,0,0,1,0,18.235,0,525,1
0,0,0,0,1,0,0,0,1,0,18.235,0,403134,1
0,0,0,0,1,0,0,0,1,0,18.235,0,74,0
0,0,0,0,1,0,0,0,1,0,18.235,0,583,1
0,0,0,0,1,0,0,0,1,0,18.235,0,13203,1
0,0,0,0,1,0,0,0,1,0,18.235,0,220,1
0,0,0,0,1,0,0,0,1,0,18.235,0,85,1
0,0,0,0,1,0,0,0,1,0,18.235,0,292,0
0,0,0,0,1,0,0,0,0,1,19.505,0,376,1
0,0,0,0,1,0,0,0,1,0,18.235,0,1512,1
0,0,0,0,1,0,0,0,1,0,18.235,0,1090,1
0,0,0,0,1,0,0,0,1,0,18.235,0,232,1
0,0,0,0,1,0,0,0,1,0,18.235,0,182,1
0,0,0,0,1,0,0,0,0,1,11.28,0,8292,1
0,0,0,0,1,0,0,0,1,0,18.235,0,1218,1
0,0,0,0,1,0,0,0,1,0,18.235,0,1598,1
0,0,0,0,1,0,0,0,1,0,18.235,0,135260,1
0,0,0,0,1,0,0,0,1,0,18.235,0,257,1
0,0,0,0,1,0,0,0,0,1,6.4399999999999995,0,1296,1
0,0,0,0,1,0,0,0,1,0,18.235,0,70,1
0,0,0,0,1,0,0,0,1,0,18.235,0,725,1
0,0,0,0,1,0,0,0,1,0,18.235,0,1731,1
0,0,0,0,1,0,0,0,1,0,18.235,0,317,0
0,0,0,0,1,0,0,0,1,0,18.235,0,220,0
0,0,0,0,1,0,0,0,1,0,18.235,0,946,1
0,0,0,0,1,0,0,0,1,0,18.235,0,772,0
0,0,0,0,1,0,0,0,1,0,18.235,0,183,1
0,0,0,0,1,0,0,0,1,0,18.235,0,59,1
0,0,0,0,1,0,0,0,1,0,18.235,0,8486,0
0,0,0,0,1,0,0,0,0,1,11.28,0,343,0
0,0,0,0,1,0,0,0,1,0,18.235,0,946,1
0,0,0,0,1,0,0,0,1,0,18.235,0,616,1
0,0,0,0,1,0,0,0,1,0,18.235,0,605,1
0,0,0,0,1,0,0,0,1,0,18.235,0,3610,1
0,0,0,0,1,0,0,0,1,0,18.235,0,1218,1
0,0,0,0,1,0,0,0,1,0,18.235,0,946,1
0,0,0,0,1,0,0,0,0,1,18.8,0,581,1
0,0,0,0,1,0,0,0,0,1,11.28,0,1109,0
0,0,0,0,1,0,0,0,0,1,11.28,0,4198,1
0,0,0,0,1,0,0,0,1,0,18.235,0,1122,1
0,0,0,0,1,0,0,0,1,0,18.235,0,230,1
0,0,0,0,1,0,0,0,1,0,18.235,0,231,1
0,0,0,0,1,0,0,0,0,1,11.28,0,1109,1
0,0,0,0,1,0,0,0,1,0,18.235,0,234,1
0,0,0,0,1,0,0,0,1,0,18.235,0,4281,1
0,0,0,0,1,0,0,0,1,0,18.235,0,734,1
0,0,0,0,1,0,0,0,1,0,18.235,0,43,1
0,0,0,0,1,0,0,0,0,1,18.235,0,201,1
0,0,0,0,1,0,0,0,1,0,18.235,0,1964,1
0,0,0,0,1,0,0,0,1,0,18.235,0,599,1
0,0,0,0,1,0,0,0,1,0,18.235,0,376,1
0,0,0,0,1,0,0,0,1,0,18.235,0,5532,1
0,0,0,0,1,0,0,0,1,0,18.235,0,865,1
0,0,0,0,1,0,0,0,1,0,18.235,0,3610,1
0,0,0,0,1,0,0,0,1,0,18.235,0,2583,1
0,0,0,0,1,0,0,0,1,0,18.235,0,3131,1
0,0,0,0,1,0,0,0,0,1,11.28,0,607,0
0,0,0,0,1,0,0,0,1,0,18.235,0,710,1
0,0,0,0,1,0,0,0,1,0,18.235,0,1306,1
0,0,0,0,1,0,0,0,0,1,11.28,0,203,1
0,0,0,0,1,0,0,0,1,0,18.235,0,787,1
0,0,0,0,1,0,0,0,0,1,11.28,0,901,0
0,0,0,0,1,0,0,0,0,1,18.235,0,22,1
0,0,0,0,1,0,0,0,1,0,18.235,0,574,0
0,0,0,0,1,0,0,0,1,0,18.235,0,262,0
0,0,0,0,1,0,0,0,1,0,18.235,0,3542,1
0,0,0,0,1,0,0,0,0,1,11.28,0,1109,1
0,0,0,0,1,0,0,0,1,0,18.235,0,3610,1
0,0,0,0,1,0,0,0,1,0,18.235,0,44072,0
0,0,0,0,1,0,0,0,1,0,18.235,0,17113,1
0,0,0,0,1,0,0,0,1,0,18.235,0,1766,1
0,0,0,0,1,0,0,0,1,0,18.235,0,4263,1
0,0,0,0,1,0,0,0,1,0,18.235,0,1306,1
0,0,0,0,1,0,0,0,1,0,18.235,0,3610,1
0,0,0,0,1,0,0,0,1,0,18.235,0,1293,1
0,0,0,0,1,0,0,0,0,1,11.28,0,542,1
0,0,0,0,1,0,0,0,1,0,18.235,0,3610,1
0,0,0,0,1,0,0,0,1,0,18.235,0,168,1
0,0,0,0,1,0,0,0,1,0,18.235,0,772,1
0,0,0,0,1,0,0,0,1,0,18.235,0,27360,1
0,0,0,0,1,0,0,0,1,0,18.235,0,328,1
0,0,0,0,1,0,0,0,1,0,18.235,0,3494,1
0,0,0,0,1,0,0,0,0,1,11.28,0,69,1
0,0,0,0,1,0,0,0,1,0,18.235,0,710,0
0,0,0,0,1,0,0,0,1,0,18.235,0,177,1
0,0,0,0,1,0,0,0,1,0,18.235,0,3610,1
0,0,0,0,1,0,0,0,1,0,18.235,0,63,1
0,0,0,0,1,0,0,0,0,1,11.28,0,3851,1
0,0,0,0,1,0,0,0,1,0,18.235,0,262,1
0,0,0,0,1,0,0,0,1,0,18.235,0,4263,1
0,0,0,0,1,0,0,0,1,0,18.235,0,100,1
0,0,0,0,1,0,0,0,0,1,11.28,0,161,1
0,0,0,0,1,0,0,0,1,0,18.235,0,746,1
0,0,0,0,1,0,0,0,1,0,18.235,0,1999,1
0,0,0,0,1,0,0,0,1,0,18.235,0,262,1
0,0,0,0,1,0,0,0,0,1,11.28,0,901,1
0,0,0,0,1,0,0,0,1,0,18.235,0,852,1
0,0,0,0,1,0,0,0,1,0,18.235,0,3610,1
0,0,0,0,1,0,0,0,1,0,18.235,0,772,1
0,0,0,0,1,0,0,0,1,0,18.235,0,1964,0
0,0,0,0,1,0,0,0,1,0,18.235,0,1122,1
0,0,0,0,1,0,0,0,1,0,18.235,0,262,1
0,0,0,0,1,0,0,0,1,0,18.235,0,231,1
0,0,0,0,1,0,0,0,1,0,18.235,0,288,1
0,0,0,0,1,0,0,0,0,1,11.28,0,924,1
0,0,0,0,1,0,0,0,1,0,18.235,0,710,1
0,0,0,0,1,0,0,0,0,1,11.28,0,924,1
0,0,0,0,1,0,0,0,1,0,18.235,0,222,1
0,0,0,0,1,0,0,0,1,0,18.235,0,3611,0
0,0,0,0,1,0,0,0,1,0,18.235,0,262,1
0,0,0,0,1,0,0,0,1,0,18.235,0,16324,1
0,0,0,0,1,0,0,0,1,0,18.235,0,710,1
0,0,0,0,1,0,0,0,1,0,18.235,0,340,1
0,0,0,0,1,0,0,0,1,0,18.235,0,244,1
0,0,0,0,1,0,0,0,1,0,18.235,0,578,1
0,0,0,0,1,0,0,0,1,0,18.235,0,554,1
0,0,0,0,1,0,0,0,1,0,18.235,0,1038,1
0,0,0,0,1,0,0,0,0,1,11.28,0,190,1
0,0,0,0,1,0,0,0,1,0,18.235,0,23,1
0,0,0,0,1,0,0,0,1,0,18.235,0,895,1
0,0,0,0,1,0,0,0,1,0,18.235,0,44072,1
0,0,0,0,1,0,0,0,1,0,18.235,0,3611,1
0,0,0,0,1,0,0,0,1,0,18.235,0,240,1
0,0,0,0,1,0,0,0,1,0,18.235,0,609,1
0,0,0,0,1,0,0,0,1,0,18.235,0,296,1
0,0,0,0,1,0,0,0,1,0,18.235,0,93,1
0,0,0,0,1,0,0,0,1,0,18.235,0,330,1
0,0,0,0,1,0,0,0,0,1,11.28,0,119,1
0,0,0,0,1,0,0,0,1,0,18.235,0,262,1
0,0,0,0,1,0,0,0,1,0,18.235,0,110,1
0,0,0,0,1,0,0,0,1,0,18.235,0,168,0
0,0,0,0,1,0,0,0,1,0,18.235,0,262,0
0,0,0,0,1,0,0,0,1,0,18.235,0,238,0
0,0,0,0,1,0,0,0,1,0,18.235,0,434,1
0,0,0,0,1,0,0,0,1,0,18.235,0,328,1
0,0,0,0,1,0,0,0,1,0,18.235,0,772,1
0,0,0,0,1,0,0,0,0,1,11.28,0,343,1
0,0,0,0,1,0,0,0,1,0,18.235,0,852,1
0,0,0,0,1,0,0,0,0,1,11.28,0,901,1
0,0,0,0,1,0,0,0,0,1,11.28,0,34,1
0,0,0,0,1,0,0,0,1,0,18.235,0,1445,1
0,0,0,0,1,0,0,0,1,0,18.235,0,710,0
0,0,0,0,1,0,0,0,1,0,18.235,0,699,1
0,0,0,0,1,0,0,0,1,0,18.235,0,198,0
0,0,0,0,1,0,0,0,0,1,11.28,0,6,0
0,0,0,0,1,0,0,0,1,0,18.235,0,3612,1
0,0,0,0,1,0,0,0,1,0,18.235,0,852,1
0,0,0,0,1,0,0,0,0,1,11.28,0,426,1
0,0,0,0,1,0,0,0,1,0,18.235,0,234,1
0,0,0,0,1,0,0,0,1,0,18.235,0,153,1
0,0,0,0,1,0,0,0,1,0,18.235,0,262,0
0,0,0,0,1,0,0,0,1,0,18.235,0,189,1
0,0,0,0,1,0,0,0,1,0,18.235,0,699,0
0,0,0,0,1,0,0,0,0,1,6.4399999999999995,0,1592,1
0,0,0,0,1,0,0,0,1,0,18.235,0,17113,1
0,0,0,0,1,0,0,0,0,1,11.28,0,25540,1
0,0,0,0,1,0,0,0,0,1,11.28,0,34,0
0,0,0,0,1,0,0,0,1,0,18.235,0,3131,1
0,0,0,0,1,0,0,0,0,1,11.28,0,22,0
0,0,0,0,1,0,0,0,1,0,18.235,0,699,1
0,0,0,0,1,0,0,0,1,0,18.235,0,266,1
0,0,0,0,1,0,0,0,1,0,18.235,0,4548,1
0,0,0,0,1,0,0,0,0,1,11.28,0,22,1
0,0,0,0,1,0,0,0,1,0,18.235,0,13202,1
0,0,0,0,1,0,0,0,1,0,18.235,0,244,0
0,0,0,0,1,0,0,0,1,0,18.235,0,415,1
0,0,0,0,1,0,0,0,0,1,11.28,0,22,1
0,0,0,0,1,0,0,0,1,0,18.235,0,517,1
0,0,0,0,1,0,0,0,1,0,18.235,0,262,0
0,0,0,0,1,0,0,0,1,0,18.235,0,16324,1
0,0,0,0,1,0,0,0,1,0,18.235,0,1218,1
0,0,0,0,1,0,0,0,1,0,18.235,0,58,1
0,0,0,0,1,0,0,0,0,1,11.28,0,25540,1
0,0,0,0,1,0,0,0,1,0,18.235,0,55485,0
0,0,0,0,1,0,0,0,1,0,18.235,0,20800,1
0,0,0,0,1,0,0,0,1,0,18.235,0,4696,1
0,0,0,0,1,0,0,0,0,1,11.28,0,22,1
0,0,0,0,1,0,0,0,1,0,18.235,0,1418,1
0,0,0,0,1,0,0,0,1,0,18.235,0,55485,0
0,0,0,0,1,0,0,0,1,0,18.235,0,1270,1
0,0,0,0,1,0,0,0,1,0,18.235,0,15,1
0,0,0,0,1,0,0,0,1,0,18.235,0,257,1
0,0,0,0,1,0,0,0,1,0,18.235,0,1383,1
0,0,0,0,1,0,0,0,1,0,18.235,0,12625,0
0,0,0,0,1,0,0,0,1,0,18.235,0,1218,1
0,0,0,0,1,0,0,0,1,0,18.235,0,3613,0
0,0,0,0,1,0,0,0,1,0,18.235,0,1218,1
0,0,0,0,1,0,0,0,1,0,18.235,0,927,0
0,0,0,0,1,0,0,0,1,0,18.235,0,385,1
0,0,0,0,1,0,0,0,1,0,18.235,0,27,1
0,0,0,0,1,0,0,0,1,0,18.235,0,429,1
0,0,0,0,1,0,0,0,1,0,18.235,0,169,1
0,0,0,0,1,0,0,0,1,0,18.235,0,75,0
0,0,0,0,1,0,0,0,1,0,18.235,0,698,1
0,0,0,0,1,0,0,0,1,0,18.235,0,1383,1
0,0,0,0,1,0,0,0,1,0,18.235,0,444,1
0,0,0,0,1,0,0,0,1,0,18.235,0,23,1
0,0,0,0,1,0,0,0,1,0,18.235,0,6690,0
0,0,0,0,1,0,0,0,0,1,11.28,0,427,1
0,0,0,0,1,0,0,0,1,0,18.235,0,16324,1
0,0,0,0,1,0,0,0,1,0,18.235,0,1741,1
0,0,0,0,1,0,0,0,1,0,18.235,0,812,1
0,0,0,0,1,0,0,0,1,0,18.235,0,361,1
0,0,0,0,1,0,0,0,0,1,11.28,0,1110,1
0,0,0,0,1,0,0,0,1,0,18.235,0,1999,1
0,0,0,0,1,0,0,0,1,0,18.235,0,262,0
0,0,0,0,1,0,0,0,1,0,18.235,0,205,1
0,0,0,0,1,0,0,0,1,0,18.235,0,492,1
0,0,0,0,1,0,0,0,1,0,18.235,0,117,1
0,0,0,0,1,0,0,0,1,0,18.235,0,699,1
0,0,0,0,1,0,0,0,0,1,11.28,0,13,1
0,0,0,0,1,0,0,0,1,0,18.235,0,55485,1
0,0,0,0,1,0,0,0,1,0,18.235,0,135258,1
0,0,0,0,1,0,0,0,1,0,18.235,0,20807,1
0,0,0,0,1,0,0,0,1,0,18.235,0,262,1
0,0,0,0,1,0,0,0,1,0,18.235,0,55485,0
0,0,0,0,1,0,0,0,1,0,18.235,0,325,1
0,0,0,0,1,0,0,0,1,0,18.235,0,99,1
0,0,0,0,1,0,0,0,1,0,18.235,0,333,1
0,0,0,0,1,0,0,0,1,0,18.235,0,156,1
0,0,0,0,1,0,0,0,1,0,18.235,0,3613,1
0,0,0,0,1,0,0,0,1,0,18.235,0,1560,1
0,0,0,0,1,0,0,0,1,0,18.235,0,55485,1
0,0,0,0,1,0,0,0,1,0,18.235,0,365,1
0,0,0,0,1,0,0,0,0,1,11.28,0,1109,1
0,0,0,0,1,0,0,0,0,1,7.325,0,141,1
0,0,0,0,1,0,0,0,1,0,18.235,0,266,1
0,0,0,0,1,0,0,0,1,0,18.235,0,55485,0
0,0,0,0,1,0,0,0,0,1,11.28,0,25540,1
0,0,0,0,1,0,0,0,1,0,18.235,0,188,1
0,0,0,0,1,0,0,0,1,0,18.235,0,139220,1
0,0,0,0,1,0,0,0,1,0,18.235,0,11470,1
0,0,0,0,1,0,0,0,1,0,18.235,0,613,1
0,0,0,0,1,0,0,0,1,0,18.235,0,55485,1
0,0,0,0,1,0,0,0,1,0,18.235,0,153,0
0,0,0,0,1,0,0,0,1,0,18.235,0,135,1
0,0,0,0,1,0,0,0,1,0,18.235,0,346,0
0,0,0,0,1,0,0,0,1,0,18.235,0,4263,1
0,0,0,0,1,0,0,0,1,0,18.235,0,1383,1
0,0,0,0,1,0,0,0,1,0,18.235,0,506,1
0,0,0,0,1,0,0,0,1,0,18.235,0,55485,1
0,0,0,0,1,0,0,0,1,0,18.235,0,3848,1
0,0,0,0,1,0,0,0,0,1,11.28,0,1109,1
0,0,0,0,1,0,0,0,1,0,18.235,0,3613,1
0,0,0,0,1,0,0,0,1,0,18.235,0,856,1
0,0,0,0,1,0,0,0,1,0,18.235,0,262,0
0,0,0,0,1,0,0,0,1,0,18.235,0,377,0
0,0,0,0,1,0,0,0,1,0,18.235,0,416,1
0,0,0,0,1,0,0,0,1,0,18.235,0,698,1
0,0,0,0,1,0,0,0,1,0,18.235,0,869,1
0,0,0,0,1,0,0,0,1,0,18.235,0,3613,1
0,0,0,0,1,0,0,0,0,1,7.325,0,751,1
0,0,0,0,1,0,0,0,1,0,18.235,0,121,1
0,0,0,0,1,0,0,0,1,0,18.235,0,1294,1
0,0,0,0,1,0,0,0,1,0,18.235,0,340,1
0,0,0,0,1,0,0,0,1,0,18.235,0,55485,1
0,0,0,0,1,0,0,0,1,0,18.235,0,1218,1
0,0,0,0,1,0,0,0,1,0,18.235,0,1218,1
0,0,0,0,1,0,0,0,1,0,18.235,0,3613,1
0,0,0,0,1,0,0,0,1,0,18.235,0,1218,1
0,0,0,0,1,0,0,0,0,1,18.235,0,1101,1
0,0,0,0,1,0,0,0,1,0,18.235,0,1276,1
0,0,0,0,1,0,0,0,1,0,18.235,0,223,1
0,0,0,0,1,0,0,0,1,0,18.235,0,1911,1
0,0,0,0,1,0,0,0,1,0,18.235,0,14,1
0,0,0,0,1,0,0,0,0,1,11.28,0,3000,1
0,0,0,0,1,0,0,0,1,0,18.235,0,747,1
0,0,0,0,1,0,0,0,1,0,18.235,0,55485,1
0,0,0,0,1,0,0,0,1,0,18.235,0,262,1
0,0,0,0,1,0,0,0,1,0,18.235,0,613,1
0,0,0,0,1,0,0,0,1,0,18.235,0,675,1
0,0,0,0,1,0,0,0,0,1,6.4399999999999995,0,107,1
0,0,0,0,1,0,0,0,1,0,18.235,0,22903,1
0,0,0,0,1,0,0,0,1,0,18.235,0,869,0
0,0,0,0,1,0,0,0,1,0,18.235,0,1218,1
0,0,0,0,1,0,0,0,1,0,18.235,0,126,1
0,0,0,0,1,0,0,0,1,0,18.235,0,1218,1
0,0,0,0,1,0,0,0,1,0,18.235,0,485,1
0,0,0,0,1,0,0,0,1,0,18.235,0,1218,1
0,0,0,0,1,0,0,0,1,0,18.235,0,1218,1
0,0,0,0,1,0,0,0,1,0,18.235,0,55485,0
0,0,0,0,1,0,0,0,1,0,18.235,0,262,1
0,0,0,0,1,0,0,0,1,0,18.235,0,22903,1
0,0,0,0,1,0,0,0,1,0,18.235,0,201,1
0,0,0,0,1,0,0,0,1,0,18.235,0,452,0
0,0,0,0,1,0,0,0,1,0,18.235,0,2040,1
0,0,0,0,1,0,0,0,1,0,18.235,0,520,0
0,0,0,0,1,0,0,0,1,0,18.235,0,2583,1
0,0,0,0,1,0,0,0,1,0,18.235,0,613,1
0,0,0,0,1,0,0,0,1,0,18.235,0,699,1
0,0,0,0,1,0,0,0,1,0,18.235,0,99,1
0,0,0,0,1,0,0,0,1,0,18.235,0,55485,1
0,0,0,0,1,0,0,0,1,0,18.235,0,333,1
0,0,0,0,1,0,0,0,1,0,18.235,0,340,0
0,0,0,0,1,0,0,0,1,0,18.235,0,1999,0
0,0,0,0,1,0,0,0,1,0,18.235,0,25541,0
0,0,0,0,1,0,0,0,1,0,18.235,0,3613,1
0,0,0,0,1,0,0,0,1,0,18.235,0,99,1
0,0,0,0,1,0,0,0,1,0,18.235,0,126,1
0,0,0,0,1,0,0,0,1,0,18.235,0,1498,0
0,0,0,0,1,0,0,0,1,0,18.235,0,1218,1
0,0,0,0,1,0,0,0,1,0,18.235,0,22903,1
0,0,0,0,1,0,0,0,1,0,18.235,0,205,0
0,0,0,0,1,0,0,0,1,0,18.235,0,1218,1
0,0,0,0,1,0,0,0,1,0,18.235,0,1218,1
0,0,0,0,1,0,0,0,1,0,18.235,0,1218,1
0,0,0,0,1,0,0,0,1,0,18.235,0,55485,1
0,0,0,0,1,0,0,0,1,0,18.235,0,427,0
0,0,0,0,1,0,0,0,1,0,18.235,0,190,1
0,0,0,0,1,0,0,0,1,0,18.235,0,4263,1
0,0,0,0,1,0,0,0,1,0,18.235,0,25541,1
0,0,0,0,1,0,0,0,0,1,11.28,0,350,1
0,0,0,0,1,0,0,0,1,0,18.235,0,554,1
0,0,0,0,1,0,0,0,1,0,18.235,0,117,1
0,0,0,0,1,0,0,0,1,0,18.235,0,3613,1
0,0,0,0,1,0,0,0,1,0,18.235,0,276,1
0,0,0,0,1,0,0,0,1,0,18.235,0,15,1
0,0,0,0,1,0,0,0,0,1,11.28,0,343,1
0,0,0,0,1,0,0,0,1,0,18.235,0,405,1
0,0,0,0,1,0,0,0,1,0,18.235,0,606,1
0,0,0,0,1,0,0,0,0,1,11.28,0,4857,1
0,0,0,0,1,0,0,0,1,0,18.235,0,10927,1
0,0,0,0,1,0,0,0,1,0,18.235,0,633,1
0,0,0,0,1,0,0,0,1,0,18.235,0,772,1
0,0,0,0,1,0,0,0,1,0,18.235,0,340,0
0,0,0,0,1,0,0,0,0,1,23.75,0,230,1
0,0,0,0,1,0,0,0,1,0,18.235,0,18095,1
0,0,0,0,1,0,0,0,0,1,11.28,0,235,1
0,0,0,0,1,0,0,0,1,0,18.235,0,378,1
0,0,0,0,1,0,0,0,1,0,18.235,0,77,1
0,0,0,0,1,0,0,0,0,1,12.78,0,558,1
0,0,0,0,1,0,0,0,1,0,18.235,0,1445,1
0,0,0,0,1,0,0,0,1,0,18.235,0,99,1
0,0,0,0,1,0,0,0,1,0,18.235,0,22903,1
0,0,0,0,1,0,0,0,1,0,18.235,0,190,1
0,0,0,0,1,0,0,0,1,0,18.235,0,150,1
0,0,0,0,1,0,0,0,1,0,18.235,0,503,1
0,0,0,0,1,0,0,0,1,0,18.235,0,25541,1
0,0,0,0,1,0,0,0,1,0,18.235,0,101,1
0,0,0,0,1,0,0,0,1,0,18.235,0,675,1
0,0,0,0,1,0,0,0,1,0,18.235,0,405,0
0,0,0,0,1,0,0,0,1,0,18.235,0,2064,0
0,0,0,0,1,0,0,0,1,0,18.235,0,340,0
0,0,0,0,1,0,0,0,1,0,18.235,0,772,1
0,0,0,0,1,0,0,0,1,0,18.235,0,895,1
0,0,0,0,1,0,0,0,1,0,18.235,0,2064,0
0,0,0,0,1,0,0,0,1,0,18.235,0,75,1
0,0,0,0,1,0,0,0,1,0,18.235,0,55485,1
0,0,0,0,1,0,0,0,1,0,18.235,0,668,0
0,0,0,0,1,0,0,0,1,0,18.235,0,150,1
0,0,0,0,1,0,0,0,0,1,11.28,0,4857,1
0,0,0,0,1,0,0,0,1,0,18.235,0,675,1
0,0,0,0,1,0,0,0,1,0,18.235,0,1218,1
0,0,0,0,1,0,0,0,1,0,18.235,0,403,1
0,0,0,0,1,0,0,0,1,0,18.235,0,1218,1
0,0,0,0,1,0,0,0,1,0,18.235,0,427,1
0,0,0,0,1,0,0,0,1,0,18.235,0,1218,1
0,0,0,0,1,0,0,0,1,0,18.235,0,772,1
0,0,0,0,1,0,0,0,1,0,18.235,0,725,0
0,0,0,0,1,0,0,0,1,0,18.235,0,1218,1
0,0,0,0,1,0,0,0,1,0,18.235,0,1218,1
0,0,0,0,1,0,0,0,0,1,11.28,0,3000,1
0,0,0,0,1,0,0,0,1,0,18.235,0,1218,1
0,0,0,0,1,0,0,0,1,0,18.235,0,15,1
0,0,0,0,1,0,0,0,1,0,18.235,0,6017,1
0,0,0,0,1,0,0,0,1,0,18.235,0,503,1
0,0,0,0,1,0,0,0,1,0,18.235,0,335,1
0,0,0,0,1,0,0,0,1,0,18.235,0,17113,1
0,0,0,0,1,0,0,0,1,0,18.235,0,1218,1
0,0,0,0,1,0,0,0,1,0,18.235,0,1218,1
0,0,0,0,1,0,0,0,1,0,18.235,0,266,1
0,0,0,0,1,0,0,0,1,0,18.235,0,1218,1
0,0,0,0,1,0,0,0,0,1,6.4399999999999995,0,1592,1
0,0,0,0,1,0,0,0,1,0,18.235,0,1218,1
0,0,0,0,1,0,0,0,1,0,18.235,0,1218,1
0,0,0,0,1,0,0,0,1,0,18.235,0,75,1
0,0,0,0,1,0,0,0,1,0,18.235,0,1218,1
0,0,0,0,1,0,0,0,1,0,18.235,0,1218,1
0,0,0,0,1,0,0,0,1,0,18.235,0,712,1
0,0,0,0,1,0,0,0,1,0,18.235,0,1598,1
0,0,0,0,1,0,0,0,1,0,18.235,0,1218,1
0,0,0,0,1,0,0,0,1,0,18.235,0,1218,1
0,0,0,0,1,0,0,0,1,0,18.235,0,5749,1
0,0,0,0,1,0,0,0,1,0,18.235,0,55485,1
0,0,0,0,1,0,0,0,1,0,18.235,0,506,1
0,0,0,0,1,0,0,0,1,0,18.235,0,403,0
0,0,0,0,1,0,0,0,1,0,18.235,0,1218,1
0,0,0,0,1,0,0,0,1,0,18.235,0,1218,1
0,0,0,0,1,0,0,0,1,0,18.235,0,603,1
0,0,0,0,1,0,0,0,1,0,18.235,0,2923,1
0,0,0,0,1,0,0,0,1,0,18.235,0,1218,1
0,0,0,0,1,0,0,0,1,0,18.235,0,230,0
0,0,0,0,1,0,0,0,1,0,18.235,0,1218,1
0,0,0,0,1,0,0,0,1,0,18.235,0,1218,1
0,0,0,0,1,0,0,0,1,0,18.235,0,1218,1
0,0,0,0,1,0,0,0,0,1,11.28,0,343,1
0,0,0,0,1,0,0,0,1,0,18.235,0,1218,1
0,0,0,0,1,0,0,0,1,0,18.235,0,725,1
0,0,0,0,1,0,0,0,1,0,18.235,0,1140,1
0,0,0,0,1,0,0,0,1,0,18.235,0,487,1
0,0,0,0,1,0,0,0,1,0,18.235,0,1384,1
0,0,0,0,1,0,0,0,1,0,18.235,0,772,1
0,0,0,0,1,0,0,0,1,0,18.235,0,78618,1
0,0,0,0,1,0,0,0,0,1,18.405,0,325,1
0,0,0,0,1,0,0,0,1,0,18.235,0,772,1
0,0,0,0,1,0,0,0,1,0,18.235,0,55486,1
0,0,0,0,1,0,0,0,1,0,18.235,0,282,0
0,0,0,0,1,0,0,0,0,1,11.28,0,312,1
0,0,0,0,1,0,0,0,1,0,18.235,0,62,0
0,0,0,0,1,0,0,0,0,1,18.235,0,590,1
0,0,0,0,1,0,0,0,1,0,18.235,0,262,1
0,0,0,0,1,0,0,0,1,0,18.235,0,3613,1
0,0,0,0,1,0,0,0,1,0,18.235,0,440,1
0,0,0,0,1,0,0,0,1,0,18.235,0,276,0
0,0,0,0,1,0,0,0,0,1,11.28,0,962,1
0,0,0,0,1,0,0,0,1,0,18.235,0,1586,1
0,0,0,0,1,0,0,0,1,0,18.235,0,55486,0
0,0,0,0,1,0,0,0,1,0,18.235,0,548,1
0,0,0,0,1,0,0,0,1,0,18.235,0,15,1
0,0,0,0,1,0,0,0,1,0,18.235,0,22903,1
0,0,0,0,1,0,0,0,1,0,18.235,0,44072,1
0,0,0,0,1,0,0,0,1,0,18.235,0,174,1
0,0,0,0,1,0,0,0,1,0,18.235,0,184,0
0,0,0,0,1,0,0,0,0,1,6.4399999999999995,0,1592,1
0,0,0,0,1,0,0,0,1,0,18.235,0,3613,1
0,0,0,0,1,0,0,0,1,0,18.235,0,55486,1
0,0,0,0,1,0,0,0,0,1,6.4399999999999995,0,305,1
0,0,0,0,1,0,0,0,1,0,18.235,0,22903,1
0,0,0,0,1,0,0,0,0,1,12.78,0,558,0
0,0,0,0,1,0,0,0,0,1,11.28,0,437,1
0,0,0,0,1,0,0,0,1,0,18.235,0,109,1
0,0,0,0,1,0,0,0,0,1,11.28,0,254,1
0,0,0,0,1,0,0,0,1,0,18.235,0,55486,1
0,0,0,0,1,0,0,0,1,0,18.235,0,22903,1
0,0,0,0,1,0,0,0,1,0,18.235,0,117,0
0,0,0,0,1,0,0,0,1,0,18.235,0,69,1
0,0,0,0,1,0,0,0,1,0,18.235,0,1384,1
0,0,0,0,1,0,0,0,1,0,18.235,0,44072,1
0,0,0,0,1,0,0,0,0,1,11.28,0,254,1
0,0,0,0,1,0,0,0,1,0,18.235,0,403,1
0,0,0,0,1,0,0,0,1,0,18.235,0,3613,0
0,0,0,0,1,0,0,0,1,0,18.235,0,148,1
0,0,0,0,1,0,0,0,1,0,18.235,0,88,1
0,0,0,0,1,0,0,0,0,1,12.78,0,558,1
0,0,0,0,1,0,0,0,1,0,18.235,0,22903,0
0,0,0,0,1,0,0,0,1,0,18.235,0,6200,1
0,0,0,0,1,0,0,0,1,0,18.235,0,1327,1
0,0,0,0,1,0,0,0,0,1,6.4399999999999995,0,865,0
0,0,0,0,1,0,0,0,1,0,18.235,0,946,1
0,0,0,0,1,0,0,0,1,0,18.235,0,3613,1
0,0,0,0,1,0,0,0,1,0,18.235,0,55486,0
0,0,0,0,1,0,0,0,1,0,18.235,0,1154,1
0,0,0,0,1,0,0,0,1,0,18.235,0,2597,1
0,0,0,0,1,0,0,0,0,1,7.325,0,517,1
0,0,0,0,1,0,0,0,1,0,18.235,0,156,0
0,0,0,0,1,0,0,0,1,0,18.235,0,668,1
0,0,0,0,1,0,0,0,1,0,18.235,0,55486,1
0,0,0,0,1,0,0,0,0,1,11.28,0,2476,0
0,0,0,0,1,0,0,0,1,0,18.235,0,452,1
0,0,0,0,1,0,0,0,1,0,18.235,0,17113,1
0,0,0,0,1,0,0,0,1,0,18.235,0,1140,1
0,0,0,0,1,0,0,0,1,0,18.235,0,55486,1
0,0,0,0,1,0,0,0,1,0,18.235,0,523,0
0,0,0,0,1,0,0,0,1,0,18.235,0,7732,1
0,0,0,0,1,0,0,0,1,0,18.235,0,205,1
0,0,0,0,1,0,0,0,1,0,18.235,0,1999,1
0,0,0,0,1,0,0,0,1,0,18.235,0,1402,1
0,0,0,0,1,0,0,0,1,0,18.235,0,55486,0
0,0,0,0,1,0,0,0,1,0,18.235,0,1402,1
0,0,0,0,1,0,0,0,0,1,18.235,0,528,1
0,0,0,0,1,0,0,0,1,0,18.235,0,817,0
0,0,0,0,1,0,0,0,1,0,18.235,0,487,1
0,0,0,0,1,0,0,0,1,0,18.235,0,240718,1
0,0,0,0,1,0,0,0,1,0,18.235,0,6096,1
0,0,0,0,1,0,0,0,1,0,18.235,0,521,1
0,0,0,0,1,0,0,0,1,0,18.235,0,125,1
0,0,0,0,1,0,0,0,1,0,18.235,0,5749,1
0,0,0,0,1,0,0,0,1,0,18.235,0,1073,1
0,0,0,0,1,0,0,0,1,0,18.235,0,188,0
0,0,0,0,1,0,0,0,1,0,18.235,0,17113,1
0,0,0,0,1,0,0,0,0,1,11.28,0,313,0
0,0,0,0,1,0,0,0,1,0,18.235,0,44072,1
0,0,0,0,1,0,0,0,1,0,18.235,0,15,1
0,0,0,0,1,0,0,0,1,0,18.235,0,545,1
0,0,0,0,1,0,0,0,1,0,18.235,0,699,1
0,0,0,0,1,0,0,0,1,0,18.235,0,1140,1
0,0,0,0,1,0,0,0,1,0,18.235,0,946,1
0,0,0,0,1,0,0,0,1,0,18.235,0,37,1
0,0,0,0,1,0,0,0,1,0,18.235,0,4250,1
0,0,0,0,1,0,0,0,1,0,18.235,0,1833,1
0,0,0,0,1,0,0,0,1,0,18.235,0,4918,1
0,0,0,0,1,0,0,0,1,0,18.235,0,22902,1
0,0,0,0,1,0,0,0,1,0,18.235,0,15,1
0,0,0,0,1,0,0,0,1,0,18.235,0,49,1
0,0,0,0,1,0,0,0,0,1,11.28,0,200,1
0,0,0,0,1,0,0,0,1,0,18.235,0,25541,0
0,0,0,0,1,0,0,0,1,0,18.235,0,264,1
0,0,0,0,1,0,0,0,1,0,18.235,0,362,1
0,0,0,0,1,0,0,0,1,0,18.235,0,22725,1
0,0,0,0,1,0,0,0,1,0,18.235,0,311,1
0,0,0,0,1,0,0,0,0,1,6.4399999999999995,0,109,1
0,0,0,0,1,0,0,0,1,0,18.235,0,22902,1
0,0,0,0,1,0,0,0,1,0,18.235,0,282,1
0,0,0,0,1,0,0,0,1,0,18.235,0,5664,0
0,0,0,0,1,0,0,0,1,0,18.235,0,2277,1
0,0,0,0,1,0,0,0,1,0,18.235,0,111,0
0,0,0,0,1,0,0,0,1,0,18.235,0,25541,1
0,0,0,0,1,0,0,0,1,0,18.235,0,22902,1
0,0,0,0,1,0,0,0,1,0,18.235,0,489,1
0,0,0,0,1,0,0,0,1,0,18.235,0,6017,1
0,0,0,0,1,0,0,0,1,0,18.235,0,25541,1
0,0,0,0,1,0,0,0,1,0,18.235,0,376,1
0,0,0,0,1,0,0,0,1,0,18.235,0,25542,1
0,0,0,0,1,0,0,0,1,0,18.235,0,1272,1
0,0,0,0,1,0,0,0,1,0,18.235,0,22902,0
0,0,0,0,1,0,0,0,1,0,18.235,0,698,1
0,0,0,0,1,0,0,0,1,0,18.235,0,6017,0
0,0,0,0,1,0,0,0,1,0,18.235,0,1396,1
0,0,0,0,1,0,0,0,1,0,18.235,0,489,1
0,0,0,0,1,0,0,0,1,0,18.235,0,22902,1
0,0,0,0,1,0,0,0,0,1,7.87,0,394,1
0,0,0,0,1,0,0,0,1,0,18.235,0,1296,1
0,0,0,0,1,0,0,0,1,0,18.235,0,344,1
0,0,0,0,1,0,0,0,1,0,18.235,0,794,1
0,0,0,0,1,0,0,0,1,0,18.235,0,17113,0
0,0,0,0,1,0,0,0,0,1,12.145,0,113703,1
0,0,0,0,1,0,0,0,1,0,18.235,0,4,1
0,0,0,0,1,0,0,0,1,0,18.235,0,22902,0
0,0,0,0,1,0,0,0,1,0,18.235,0,44073,1
0,0,0,0,1,0,0,0,1,0,18.235,0,342,1
0,0,0,0,1,0,0,0,1,0,18.235,0,3448,1
0,0,0,0,1,0,0,0,1,0,18.235,0,5531,1
0,0,0,0,1,0,0,0,1,0,18.235,0,821,1
0,0,0,0,1,0,0,0,1,0,18.235,0,548,1
0,0,0,0,1,0,0,0,1,0,18.235,0,794,1
0,0,0,0,1,0,0,0,1,0,18.235,0,302,1
0,0,0,0,1,0,0,0,1,0,18.235,0,22902,0
0,0,0,0,1,0,0,0,1,0,18.235,0,3613,1
0,0,0,0,1,0,0,0,1,0,18.235,0,188,1
0,0,0,0,1,0,0,0,1,0,18.235,0,1255,1
0,0,0,0,1,0,0,0,0,1,18.8,0,614,1
0,0,0,0,1,0,0,0,1,0,18.235,0,3613,1
0,0,0,0,1,0,0,0,1,0,18.235,0,2437,1
0,0,0,0,1,0,0,0,1,0,18.235,0,302,1
0,0,0,0,1,0,0,0,1,0,18.235,0,3613,1
0,0,0,0,1,0,0,0,1,0,18.235,0,412,0
0,0,0,0,1,0,0,0,0,1,18.8,0,485,1
0,0,0,0,1,0,0,0,1,0,18.235,0,276,1
0,0,0,0,1,0,0,0,1,0,18.235,0,1321,1
0,0,0,0,1,0,0,0,1,0,18.235,0,2575,0
0,0,0,0,1,0,0,0,1,0,18.235,0,1295,1
0,0,0,0,1,0,0,0,1,0,18.235,0,794,1
0,0,0,0,1,0,0,0,1,0,18.235,0,18924,1
0,0,0,0,1,0,0,0,1,0,18.235,0,755,1
0,0,0,0,1,0,0,0,1,0,18.235,0,3613,0
0,0,0,0,1,0,0,0,1,0,18.235,0,794,1
0,0,0,0,1,0,0,0,0,1,7.87,0,236,1
0,0,0,0,1,0,0,0,1,0,18.235,0,54505,1
0,0,0,0,1,0,0,0,0,1,18.8,0,614,1
0,0,0,0,1,0,0,0,1,0,18.235,0,25542,1
0,0,0,0,1,0,0,0,1,0,18.235,0,3613,1
0,0,0,0,1,0,0,0,1,0,18.235,0,1745,1
0,0,0,0,1,0,0,0,0,1,11.28,0,629,1
0,0,0,0,1,0,0,0,1,0,18.235,0,3508,1
0,0,0,0,1,0,0,0,0,1,6.4399999999999995,0,100,0
0,0,0,0,1,0,0,0,1,0,18.235,0,794,1
0,0,0,0,1,0,0,0,1,0,18.235,0,3613,1
0,0,0,0,1,0,0,0,1,0,18.235,0,794,1
0,0,0,0,1,0,0,0,1,0,18.235,0,975,1
0,0,0,0,1,0,0,0,0,1,19.505,0,656,1
0,0,0,0,1,0,0,0,1,0,18.235,0,794,1
0,0,0,0,1,0,0,0,1,0,18.235,0,1255,1
0,0,0,0,1,0,0,0,1,0,18.235,0,759,1
0,0,0,0,1,0,0,0,1,0,18.235,0,2523,0
0,0,0,0,1,0,0,0,1,0,18.235,0,1911,1
0,0,0,0,1,0,0,0,1,0,18.235,0,109,1
0,0,0,0,1,0,0,0,1,0,18.235,0,280,1
0,0,0,0,1,0,0,0,0,1,11.28,0,8292,1
0,0,0,0,1,0,0,0,1,0,18.235,0,382,1
0,0,0,0,1,0,0,0,1,0,18.235,0,3450,1
0,0,0,0,1,0,0,0,1,0,18.235,0,1246,0
0,0,0,0,1,0,0,0,1,0,18.235,0,612,0
0,0,0,0,1,0,0,0,1,0,18.235,0,698,1
0,0,0,0,1,0,0,0,1,0,18.235,0,198,0
0,0,0,0,1,0,0,0,1,0,18.235,0,1246,1
0,0,0,0,1,0,0,0,0,1,11.28,0,629,0
0,0,0,0,1,0,0,0,0,1,18.8,0,614,1
0,0,0,0,1,0,0,0,0,1,11.28,0,176,1
0,0,0,0,1,0,0,0,1,0,18.235,0,336,1
0,0,0,0,1,0,0,0,1,0,18.235,0,22902,1
0,0,0,0,1,0,0,0,1,0,18.235,0,1246,1
0,0,0,0,1,0,0,0,0,1,11.28,0,8292,1
0,0,0,0,1,0,0,0,1,0,18.235,0,13547,0
0,0,0,0,1,0,0,0,0,1,11.28,0,1061,1
0,0,0,0,1,0,0,0,1,0,18.235,0,55486,0
0,0,0,0,1,0,0,0,1,0,18.235,0,4128,1
0,0,0,0,1,0,0,0,1,0,18.235,0,48,1
0,0,0,0,1,0,0,0,1,0,18.235,0,55486,0
0,0,0,0,1,0,0,0,1,0,18.235,0,429,1
0,0,0,0,1,0,0,0,1,0,18.235,0,1399,1
0,0,0,0,1,0,0,0,1,0,18.235,0,1745,1
0,0,0,0,1,0,0,0,0,1,18.8,0,614,1
0,0,0,0,1,0,0,0,1,0,18.235,0,1586,1
0,0,0,0,1,0,0,0,0,1,12.78,0,558,1
0,0,0,0,1,0,0,0,0,1,6.4399999999999995,0,1594,1
0,0,0,0,1,0,0,0,0,1,19.505,0,4327,1
0,0,0,0,1,0,0,0,1,0,18.235,0,15068,0
0,0,0,0,1,0,0,0,1,0,18.235,0,1998,1
0,0,0,0,1,0,0,0,0,1,6.4399999999999995,0,1594,1
0,0,0,0,1,0,0,0,1,0,18.235,0,1344,1
0,0,0,0,1,0,0,0,1,0,18.235,0,22902,1
0,0,0,0,1,0,0,0,1,0,18.235,0,44073,1
0,0,0,0,1,0,0,0,0,1,11.28,0,8292,0
0,0,0,0,1,0,0,0,1,0,18.235,0,15068,1
0,0,0,0,1,0,0,0,0,1,19.505,0,82,1
0,0,0,0,1,0,0,0,1,0,18.235,0,338,1
0,0,0,0,1,0,0,0,1,0,18.235,0,603,1
0,0,0,0,1,0,0,0,0,1,6.4399999999999995,0,1594,1
0,0,0,0,1,0,0,0,1,0,18.235,0,1305,1
0,0,0,0,1,0,0,0,1,0,18.235,0,110,1
0,0,0,0,1,0,0,0,1,0,18.235,0,1115,1
0,0,0,0,1,0,0,0,0,1,11.28,0,2476,1
0,0,0,0,1,0,0,0,1,0,18.235,0,4128,1
0,0,0,0,1,0,0,0,0,1,6.4399999999999995,0,1594,0
0,0,0,0,1,0,0,0,1,0,18.235,0,1236,1
0,0,0,0,1,0,0,0,1,0,18.235,0,900,1
0,0,0,0,1,0,0,0,1,0,18.235,0,2077,1
0,0,0,0,1,0,0,0,1,0,18.235,0,11783,1
0,0,0,0,1,0,0,0,1,0,18.235,0,257,1
0,0,0,0,1,0,0,0,1,0,18.235,0,620,1
0,0,0,0,1,0,0,0,1,0,18.235,0,792,1
0,0,0,0,1,0,0,0,0,1,11.28,0,499,1
0,0,0,0,1,0,0,0,1,0,18.235,0,629,1
0,0,0,0,1,0,0,0,1,0,18.235,0,567,1
0,0,0,0,1,0,0,0,1,0,18.235,0,5,1
0,0,0,0,1,0,0,0,1,0,18.235,0,59,1
0,0,0,0,1,0,0,0,1,0,18.235,0,2533,1
0,0,0,0,1,0,0,0,1,0,18.235,0,218,1
0,0,0,0,1,0,0,0,1,0,18.235,0,268,1
0,0,0,0,1,0,0,0,1,0,18.235,0,401,1
0,0,0,0,1,0,0,0,1,0,18.235,0,241,1
0,0,0,0,1,0,0,0,1,0,18.235,0,645,1
0,0,0,0,1,0,0,0,1,0,18.235,0,765,1
0,0,0,0,1,0,0,0,1,0,18.235,0,109451,1
0,0,0,0,1,0,0,0,1,0,18.235,0,33797,0
0,0,0,0,1,0,0,0,1,0,18.235,0,824,1
0,0,0,0,1,0,0,0,1,0,18.235,0,267,1
0,0,0,0,1,0,0,0,0,1,19.505,0,4122,1
0,0,0,0,1,0,0,0,0,1,11.28,0,1782,1
0,0,0,0,1,0,0,0,1,0,18.235,0,16980,1
0,0,0,0,1,0,0,0,1,0,18.235,0,13203,1
0,0,0,0,1,0,0,0,1,0,18.235,0,1236,1
0,0,0,0,1,0,0,0,1,0,18.235,0,12131,1
0,0,0,0,1,0,0,0,1,0,18.235,0,2477,1
0,0,0,0,1,0,0,0,1,0,18.235,0,804,0
0,0,0,0,1,0,0,0,1,0,18.235,0,415,1
0,0,0,0,1,0,0,0,1,0,18.235,0,248,1
0,0,0,0,1,0,0,0,0,1,11.28,0,36,1
0,0,0,0,1,0,0,0,1,0,18.235,0,2546,0
0,0,0,0,1,0,0,0,1,0,18.235,0,485,1
0,0,0,0,1,0,0,0,1,0,18.235,0,1217,1
0,0,0,0,1,0,0,0,1,0,18.235,0,362,0
0,0,0,0,1,0,0,0,1,0,18.235,0,1217,1
0,0,0,0,1,0,0,0,1,0,18.235,0,832,1
0,0,0,0,1,0,0,0,0,1,19.505,0,4124,1
0,0,0,0,1,0,0,0,1,0,18.235,0,1217,1
0,0,0,0,1,0,0,0,1,0,18.235,0,2510,1
0,0,0,0,1,0,0,0,1,0,18.235,0,1217,1
0,0,0,0,1,0,0,0,1,0,18.235,0,336,1
0,0,0,0,1,0,0,0,1,0,18.235,0,1217,1
0,0,0,0,1,0,0,0,1,0,18.235,0,1217,1
0,0,0,0,1,0,0,0,1,0,18.235,0,130,0
0,0,0,0,1,0,0,0,1,0,18.235,0,333,0
0,0,0,0,1,0,0,0,1,0,18.235,0,1217,1
0,0,0,0,1,0,0,0,1,0,18.235,0,1676,1
0,0,0,0,1,0,0,0,1,0,18.235,0,1217,1
0,0,0,0,1,0,0,0,1,0,18.235,0,522,1
0,0,0,0,1,0,0,0,1,0,18.235,0,233,1
0,0,0,0,1,0,0,0,1,0,18.235,0,2808,1
0,0,0,0,1,0,0,0,1,0,18.235,0,548,0
0,0,0,0,1,0,0,0,1,0,18.235,0,198,1
0,0,0,0,1,0,0,0,0,1,11.28,0,138,1
0,0,0,0,1,0,0,0,1,0,18.235,0,687,1
0,0,0,0,1,0,0,0,1,0,18.235,0,7270,0
0,0,0,0,1,0,0,0,1,0,18.235,0,333,1
0,0,0,0,1,0,0,0,1,0,18.235,0,11843,1
0,0,0,0,1,0,0,0,1,0,18.235,0,1504,1
0,0,0,0,1,0,0,0,1,0,18.235,0,2216,1
0,0,0,0,1,0,0,0,1,0,18.235,0,863,0
0,0,0,0,1,0,0,0,1,0,18.235,0,5378,1
0,0,0,0,1,0,0,0,1,0,18.235,0,710,0
0,0,0,0,1,0,0,0,1,0,18.235,0,3131,0
0,0,0,0,1,0,0,0,0,1,6.4399999999999995,0,1592,1
0,0,0,0,1,0,0,0,1,0,18.235,0,623,0
0,0,0,0,1,0,0,0,1,0,18.235,0,900,1
0,0,0,0,1,0,0,0,1,0,18.235,0,878,1
0,0,0,0,1,0,0,0,1,0,18.235,0,515,1
0,0,0,0,1,0,0,0,1,0,18.235,0,1526,0
0,0,0,0,1,0,0,0,1,0,18.235,0,198,0
0,0,0,0,1,0,0,0,1,0,18.235,0,39249,1
0,0,0,0,1,0,0,0,1,0,18.235,0,3137,1
0,0,0,0,1,0,0,0,0,1,11.28,0,138,0
0,0,0,0,1,0,0,0,1,0,18.235,0,207,1
0,0,0,0,1,0,0,0,1,0,18.235,0,230,1
0,0,0,0,1,0,0,0,1,0,18.235,0,207,1
0,0,0,0,1,0,0,0,1,0,18.235,0,1021,1
0,0,0,0,1,0,0,0,1,0,18.235,0,343,1
0,0,0,0,1,0,0,0,1,0,18.235,0,900,0
0,0,0,0,1,0,0,0,1,0,18.235,0,3365,1
0,0,0,0,1,0,0,0,1,0,18.235,0,3078,1
0,0,0,0,1,0,0,0,1,0,18.235,0,669,1
0,0,0,0,1,0,0,0,1,0,18.235,0,900,1
0,0,0,0,1,0,0,0,1,0,18.235,0,176,1
0,0,0,0,1,0,0,0,1,0,18.235,0,410,1
0,0,0,0,1,0,0,0,1,0,18.235,0,3450,1
0,0,0,0,1,0,0,0,1,0,18.235,0,2441,1
0,0,0,0,1,0,0,0,1,0,18.235,0,660,1
0,0,0,0,1,0,0,0,1,0,18.235,0,3137,1
0,0,0,0,1,0,0,0,1,0,18.235,0,57,1
0,0,0,0,1,0,0,0,1,0,18.235,0,490,1
0,0,0,0,1,0,0,0,1,0,18.235,0,487,0
0,0,0,0,1,0,0,0,1,0,18.235,0,292,1
0,0,0,0,1,0,0,0,1,0,18.235,0,1560,1
0,0,0,0,1,0,0,0,1,0,18.235,0,1215,1
0,0,0,0,1,0,0,0,1,0,18.235,0,246,1
0,0,0,0,1,0,0,0,1,0,18.235,0,904,1
0,0,0,0,1,0,0,0,1,0,18.235,0,713,0
0,0,0,0,1,0,0,0,0,1,11.28,0,844,0
0,0,0,0,1,0,0,0,1,0,18.235,0,900,1
0,0,0,0,1,0,0,0,1,0,18.235,0,656,1
0,0,0,0,1,0,0,0,1,0,18.235,0,25,1
0,0,0,0,1,0,0,0,0,1,11.28,0,844,0
0,0,0,0,1,0,0,0,0,1,6.4399999999999995,0,1591,1
0,0,0,0,1,0,0,0,1,0,18.235,0,429,1
0,0,0,0,1,0,0,0,1,0,18.235,0,1793,0
0,0,0,0,1,0,0,0,0,1,11.28,0,2020,1
0,0,0,0,1,0,0,0,1,0,18.235,0,332926,1
0,0,0,0,1,0,0,0,1,0,18.235,0,429,1
0,0,0,0,1,0,0,0,1,0,18.235,0,3610,1
0,0,0,0,1,0,0,0,1,0,18.235,0,180,0
0,0,0,0,1,0,0,0,1,0,18.235,0,900,1
0,0,0,0,1,0,0,0,1,0,18.235,0,616,1
0,0,0,0,1,0,0,0,1,0,18.235,0,487,0
0,0,0,0,1,0,0,0,1,0,18.235,0,264,1
0,0,0,0,1,0,0,0,1,0,18.235,0,5,1
0,0,0,0,1,0,0,0,1,0,18.235,0,397,0
0,0,0,0,1,0,0,0,1,0,18.235,0,1723,1
0,0,0,0,1,0,0,0,0,1,19.505,0,423,0
0,0,0,0,1,0,0,0,1,0,18.235,0,93,1
0,0,0,0,1,0,0,0,1,0,18.235,0,629,1
0,0,0,0,1,0,0,0,1,0,18.235,0,487,1
0,0,0,0,1,0,0,0,1,0,18.235,0,900,1
0,0,0,0,1,0,0,0,1,0,18.235,0,35,1
0,0,0,0,1,0,0,0,1,0,18.235,0,682,1
0,0,0,0,1,0,0,0,1,0,18.235,0,920,1
0,0,0,0,1,0,0,0,1,0,18.235,0,332926,1
0,0,0,0,1,0,0,0,1,0,18.235,0,15,1
0,0,0,0,1,0,0,0,1,0,18.235,0,506,1
0,0,0,0,1,0,0,0,1,0,18.235,0,944,1
0,0,0,0,1,0,0,0,1,0,18.235,0,1132,1
0,0,0,0,1,0,0,0,1,0,18.235,0,616,1
0,0,0,0,1,0,0,0,1,0,18.235,0,771,1
0,0,0,0,1,0,0,0,0,1,18.8,0,1086,1
0,0,0,0,1,0,0,0,1,0,18.235,0,1067,1
0,0,0,0,1,0,0,0,0,1,11.28,0,778,1
0,0,0,0,1,0,0,0,1,0,18.235,0,1567,1
0,0,0,0,1,0,0,0,0,1,6.4399999999999995,0,1591,1
0,0,0,0,1,0,0,0,1,0,18.235,0,104,1
0,0,0,0,1,0,0,0,1,0,18.235,0,900,1
0,0,0,0,1,0,0,0,1,0,18.235,0,616,1
0,0,0,0,1,0,0,0,0,1,11.28,0,851,1
0,0,0,0,1,0,0,0,1,0,18.235,0,487,0
0,0,0,0,1,0,0,0,0,1,19.505,0,57,1
0,0,0,0,1,0,0,0,0,1,6.4399999999999995,0,79,1
0,0,0,0,1,0,0,0,1,0,18.235,0,257,1
0,0,0,0,1,0,0,0,1,0,18.235,0,771,1
0,0,0,0,1,0,0,0,1,0,18.235,0,660,1
0,0,0,0,1,0,0,0,1,0,18.235,0,13546,1
0,0,0,0,1,0,0,0,1,0,18.235,0,8769,1
0,0,0,0,1,0,0,0,1,0,18.235,0,177,1
0,0,0,0,1,0,0,0,1,0,18.235,0,597,1
0,0,0,0,1,0,0,0,1,0,18.235,0,860,1
0,0,0,0,1,0,0,0,1,0,18.235,0,296,1
0,0,0,0,1,0,0,0,1,0,18.235,0,2860,1
0,0,0,0,1,0,0,0,1,0,18.235,0,1399,1
0,0,0,0,1,0,0,0,1,0,18.235,0,302,1
0,0,0,0,1,0,0,0,1,0,18.235,0,264,0
0,0,0,0,1,0,0,0,1,0,18.235,0,18680,1
0,0,0,0,1,0,0,0,1,0,18.235,0,1711,1
0,0,0,0,1,0,0,0,1,0,18.235,0,1560,1
0,0,0,0,1,0,0,0,1,0,18.235,0,3468,1
0,0,0,0,1,0,0,0,1,0,18.235,0,192,1
0,0,0,0,1,0,0,0,1,0,18.235,0,548,1
0,0,0,0,1,0,0,0,1,0,18.235,0,1344,0
0,0,0,0,1,0,0,0,1,0,18.235,0,616,1
0,0,0,0,1,0,0,0,1,0,18.235,0,257,1
0,0,0,0,1,0,0,0,1,0,18.235,0,2446,0
0,0,0,0,1,0,0,0,1,0,18.235,0,44069,1
0,0,0,0,1,0,0,0,1,0,18.235,0,687,1
0,0,0,0,1,0,0,0,1,0,18.235,0,597,0
0,0,0,0,1,0,0,0,1,0,18.235,0,3131,0
0,0,0,0,1,0,0,0,1,0,18.235,0,484,1
0,0,0,0,1,0,0,0,0,1,6.4399999999999995,0,1591,1
0,0,0,0,1,0,0,0,0,1,18.8,0,236,1
0,0,0,0,1,0,0,0,1,0,18.235,0,50523,1
0,0,0,0,1,0,0,0,1,0,18.235,0,3078,1
0,0,0,0,1,0,0,0,1,0,18.235,0,746,1
0,0,0,0,1,0,0,0,1,0,18.235,0,71,1
0,0,0,0,1,0,0,0,1,0,18.235,0,413,1
0,0,0,0,1,0,0,0,1,0,18.235,0,153,1
0,0,0,0,1,0,0,0,1,0,18.235,0,123,0
0,0,0,0,1,0,0,0,1,0,18.235,0,821,1
0,0,0,0,1,0,0,0,1,0,18.235,0,1793,1
0,0,0,0,1,0,0,0,0,1,6.4399999999999995,0,1591,1
0,0,0,0,1,0,0,0,1,0,18.235,0,101,1
0,0,0,0,1,0,0,0,1,0,18.235,0,3289,1
0,0,0,0,1,0,0,0,1,0,18.235,0,867,1
0,0,0,0,1,0,0,0,1,0,18.235,0,3610,1
0,0,0,0,1,0,0,0,1,0,18.235,0,134,1
0,0,0,0,1,0,0,0,0,1,18.8,0,190,1
0,0,0,0,1,0,0,0,0,1,11.28,0,181,1
0,0,0,0,1,0,0,0,0,1,19.505,0,57,1
0,0,0,0,1,0,0,0,1,0,18.235,0,414,0
0,0,0,0,1,0,0,0,0,1,11.28,0,309,1
0,0,0,0,1,0,0,0,1,0,18.235,0,454,1
0,0,0,0,1,0,0,0,1,0,18.235,0,446,1
0,0,0,0,1,0,0,0,1,0,18.235,0,212,1
0,0,0,0,1,0,0,0,1,0,18.235,0,597,0
0,0,0,0,1,0,0,0,1,0,18.235,0,20425,1
0,0,0,0,1,0,0,0,1,0,18.235,0,3610,1
0,0,0,0,1,0,0,0,1,0,18.235,0,206,1
0,0,0,0,1,0,0,0,1,0,18.235,0,264,1
0,0,0,0,1,0,0,0,1,0,18.235,0,226,1
0,0,0,0,1,0,0,0,1,0,18.235,0,110,1
0,0,0,0,1,0,0,0,1,0,18.235,0,186,1
0,0,0,0,1,0,0,0,1,0,18.235,0,180,1
0,0,0,0,1,0,0,0,1,0,18.235,0,2711,0
0,0,0,0,1,0,0,0,1,0,18.235,0,3610,1
0,0,0,0,1,0,0,0,1,0,18.235,0,50,1
0,0,0,0,1,0,0,0,1,0,18.235,0,3075,1
0,0,0,0,1,0,0,0,1,0,18.235,0,217,0
0,0,0,0,1,0,0,0,1,0,18.235,0,666,1
0,0,0,0,1,0,0,0,1,0,18.235,0,204,0
0,0,0,0,1,0,0,0,1,0,18.235,0,233,1
0,0,0,0,1,0,0,0,1,0,18.235,0,1560,0
0,0,0,0,1,0,0,0,1,0,18.235,0,1792,0
0,0,0,0,1,0,0,0,0,1,11.28,0,47,0
0,0,0,0,1,0,0,0,1,0,18.235,0,2060,1
0,0,0,0,1,0,0,0,1,0,18.235,0,746,1
0,0,0,0,1,0,0,0,1,0,18.235,0,1399,1
0,0,0,0,1,0,0,0,1,0,18.235,0,7185,1
0,0,0,0,1,0,0,0,1,0,18.235,0,348,1
0,0,0,0,1,0,0,0,1,0,18.235,0,17,1
0,0,0,0,1,0,0,0,1,0,18.235,0,388,1
0,0,0,0,1,0,0,0,1,0,18.235,0,877,1
0,0,0,0,1,0,0,0,1,0,18.235,0,240,1
0,0,0,0,1,0,0,0,1,0,18.235,0,3137,1
0,0,0,0,1,0,0,0,1,0,18.235,0,437,0
0,0,0,0,1,0,0,0,1,0,18.235,0,3610,1
0,0,0,0,1,0,0,0,1,0,18.235,0,487,0
0,0,0,0,1,0,0,0,1,0,18.235,0,738,1
0,0,0,0,1,0,0,0,1,0,18.235,0,503,1
0,0,0,0,1,0,0,0,1,0,18.235,0,91,1
0,0,0,0,1,0,0,0,0,1,7.325,0,381,0
0,0,0,0,1,0,0,0,1,0,18.235,0,236,1
0,0,0,0,1,0,0,0,0,1,11.28,0,25539,0
0,0,0,0,1,0,0,0,1,0,18.235,0,5365,1
0,0,0,0,1,0,0,0,1,0,18.235,0,3610,1
0,0,0,0,1,0,0,0,1,0,18.235,0,414,0
0,0,0,0,1,0,0,0,1,0,18.235,0,3137,1
0,0,0,0,1,0,0,0,1,0,18.235,0,1912,1
0,0,0,0,1,0,0,0,1,0,18.235,0,487,0
0,0,0,0,1,0,0,0,1,0,18.235,0,716,1
0,0,0,0,1,0,0,0,1,0,18.235,0,3078,1
0,0,0,0,1,0,0,0,1,0,18.235,0,1115,1
0,0,0,0,1,0,0,0,1,0,18.235,0,101,1
0,0,0,0,1,0,0,0,1,0,18.235,0,1064,1
0,0,0,0,1,0,0,0,1,0,18.235,0,424,1
0,0,0,0,1,0,0,0,0,1,6.4399999999999995,0,1591,1
0,0,0,0,1,0,0,0,1,0,18.235,0,521,1
0,0,0,0,1,0,0,0,1,0,18.235,0,666,1
0,0,0,0,1,0,0,0,1,0,18.235,0,1506,1
0,0,0,0,1,0,0,0,1,0,18.235,0,3610,1
0,0,0,0,1,0,0,0,1,0,18.235,0,341,1
0,0,0,0,1,0,0,0,1,0,18.235,0,16325,0
0,0,0,0,1,0,0,0,1,0,18.235,0,738,1
0,0,0,0,1,0,0,0,1,0,18.235,0,101,1
0,0,0,0,1,0,0,0,1,0,18.235,0,3245,1
0,0,0,0,1,0,0,0,1,0,18.235,0,1525,1
0,0,0,0,1,0,0,0,1,0,18.235,0,113,1
0,0,0,0,1,0,0,0,1,0,18.235,0,971,0
0,0,0,0,1,0,0,0,1,0,18.235,0,3610,1
0,0,0,0,1,0,0,0,1,0,18.235,0,44070,1
0,0,0,0,1,0,0,0,1,0,18.235,0,139,0
0,0,0,0,1,0,0,0,1,0,18.235,0,10927,0
0,0,0,0,1,0,0,0,1,0,18.235,0,118,1
0,0,0,0,1,0,0,0,1,0,18.235,0,1101,1
0,0,0,0,1,0,0,0,0,1,11.28,0,183,1
0,0,0,0,1,0,0,0,1,0,18.235,0,616,1
0,0,0,0,1,0,0,0,1,0,18.235,0,135,1
0,0,0,0,1,0,0,0,1,0,18.235,0,71,0
0,0,0,0,1,0,0,0,1,0,18.235,0,936,1
0,0,0,0,1,0,0,0,1,0,18.235,0,3610,0
0,0,0,0,1,0,0,0,1,0,18.235,0,368,1
0,0,0,0,1,0,0,0,1,0,18.235,0,2530,1
0,0,0,0,1,0,0,0,1,0,18.235,0,6234,1
0,0,0,0,1,0,0,0,1,0,18.235,0,669,1
0,0,0,0,1,0,0,0,1,0,18.235,0,276,0
0,0,0,0,1,0,0,0,0,1,11.28,0,924,1
0,0,0,0,1,0,0,0,1,0,18.235,0,389,1
0,0,0,0,1,0,0,0,1,0,18.235,0,3131,1
0,0,0,0,1,0,0,0,1,0,18.235,0,91,1
0,0,0,0,1,0,0,0,1,0,18.235,0,3610,1
0,0,0,0,1,0,0,0,1,0,18.235,0,78,1
0,0,0,0,1,0,0,0,1,0,18.235,0,1711,1
0,0,0,0,1,0,0,0,1,0,18.235,0,88,1
0,0,0,0,1,0,0,0,0,1,11.28,0,542,1
0,0,0,0,1,0,0,0,0,1,6.4399999999999995,0,1591,1
0,0,0,0,1,0,0,0,1,0,18.235,0,209,1
0,0,0,0,1,0,0,0,1,0,18.235,0,1035,0
0,0,0,0,1,0,0,0,1,0,18.235,0,377,1
0,0,0,0,1,0,0,0,1,0,18.235,0,561,1
0,0,0,0,1,0,0,0,1,0,18.235,0,1035,0
0,0,0,0,1,0,0,0,1,0,18.235,0,297,1
0,0,0,0,1,0,0,0,1,0,18.235,0,747,1
0,0,0,0,1,0,0,0,1,0,18.235,0,233,1
0,0,0,0,1,0,0,0,1,0,18.235,0,3610,1
0,0,0,0,1,0,0,0,1,0,18.235,0,1560,1
0,0,0,0,1,0,0,0,1,0,18.235,0,6726,1
0,0,0,0,1,0,0,0,1,0,18.235,0,166,1
0,0,0,0,1,0,0,0,0,1,6.4399999999999995,0,21959,1
0,0,0,0,1,0,0,0,1,0,18.235,0,16628,0
0,0,0,0,1,0,0,0,1,0,18.235,0,1399,1
0,0,0,0,1,0,0,0,1,0,18.235,0,44070,1
0,0,0,0,1,0,0,0,1,0,18.235,0,233,1
0,0,0,0,1,0,0,0,1,0,18.235,0,148,1
0,0,0,0,1,0,0,0,1,0,18.235,0,22900,1
0,0,0,0,1,0,0,0,0,1,7.325,0,356,1
0,0,0,0,1,0,0,0,1,0,18.235,0,1998,1
0,0,0,0,1,0,0,0,1,0,18.235,0,1217,1
0,0,0,0,1,0,0,0,1,0,18.235,0,59,1
0,0,0,0,1,0,0,0,1,0,18.235,0,250,0
0,0,0,0,1,0,0,0,1,0,18.235,0,3610,1
0,0,0,0,1,0,0,0,1,0,18.235,0,78,1
0,0,0,0,1,0,0,0,1,0,18.235,0,1306,1
0,0,0,0,1,0,0,0,1,0,18.235,0,1217,1
0,0,0,0,1,0,0,0,1,0,18.235,0,25,1
0,0,0,0,1,0,0,0,1,0,18.235,0,110,1
0,0,0,0,1,0,0,0,1,0,18.235,0,1217,1
0,0,0,0,1,0,0,0,1,0,18.235,0,291,1
0,0,0,0,1,0,0,0,1,0,18.235,0,597,1
0,0,0,0,1,0,0,0,1,0,18.235,0,1217,0
0,0,0,0,1,0,0,0,1,0,18.235,0,16926,1
0,0,0,0,1,0,0,0,1,0,18.235,0,1217,1
0,0,0,0,1,0,0,0,0,1,18.235,0,9839,1
0,0,0,0,1,0,0,0,1,0,18.235,0,1217,1
0,0,0,0,1,0,0,0,1,0,18.235,0,3610,1
0,0,0,0,1,0,0,0,1,0,18.235,0,117,1
0,0,0,0,1,0,0,0,1,0,18.235,0,104,1
0,0,0,0,1,0,0,0,1,0,18.235,0,327,1
0,0,0,0,1,0,0,0,1,0,18.235,0,1383,1
0,0,0,0,1,0,0,0,1,0,18.235,0,1217,1
0,0,0,0,1,0,0,0,1,0,18.235,0,625,1
0,0,0,0,1,0,0,0,1,0,18.235,0,430,1
0,0,0,0,1,0,0,0,1,0,18.235,0,2622,1
0,0,0,0,1,0,0,0,1,0,18.235,0,1217,1
0,0,0,0,1,0,0,0,1,0,18.235,0,222,1
0,0,0,0,1,0,0,0,1,0,18.235,0,322,0
0,0,0,0,1,0,0,0,1,0,18.235,0,1567,1
0,0,0,0,1,0,0,0,1,0,18.235,0,597,1
0,0,0,0,1,0,0,0,1,0,18.235,0,104,1
0,0,0,0,1,0,0,0,1,0,18.235,0,147,1
0,0,0,0,1,0,0,0,1,0,18.235,0,1217,1
0,0,0,0,1,0,0,0,0,1,11.28,0,628,1
0,0,0,0,1,0,0,0,1,0,18.235,0,374,1
0,0,0,0,1,0,0,0,1,0,18.235,0,1217,1
0,0,0,0,1,0,0,0,1,0,18.235,0,340,1
0,0,0,0,1,0,0,0,1,0,18.235,0,942,1
0,0,0,0,1,0,0,0,1,0,18.235,0,772,1
0,0,0,0,1,0,0,0,1,0,18.235,0,1217,1
0,0,0,0,1,0,0,0,1,0,18.235,0,5115,1
0,0,0,0,1,0,0,0,1,0,18.235,0,472,0
0,0,0,0,1,0,0,0,1,0,18.235,0,1217,1
0,0,0,0,1,0,0,0,1,0,18.235,0,1998,0
0,0,0,0,1,0,0,0,0,1,18.8,0,306,0
0,0,0,0,1,0,0,0,0,1,6.4399999999999995,0,1591,0
0,0,0,0,1,0,0,0,1,0,18.235,0,1217,1
0,0,0,0,1,0,0,0,1,0,18.235,0,616,1
0,0,0,0,1,0,0,0,1,0,18.235,0,166,1
0,0,0,0,1,0,0,0,1,0,18.235,0,554,1
0,0,0,0,1,0,0,0,1,0,18.235,0,760,1
0,0,0,0,1,0,0,0,1,0,18.235,0,1217,1
0,0,0,0,1,0,0,0,1,0,18.235,0,442,1
0,0,0,0,1,0,0,0,1,0,18.235,0,930,1
0,0,0,0,1,0,0,0,1,0,18.235,0,487,1
0,0,0,0,1,0,0,0,1,0,18.235,0,942,1
0,0,0,0,1,0,0,0,1,0,18.235,0,1217,1
0,0,0,0,1,0,0,0,1,0,18.235,0,239,1
0,0,0,0,1,0,0,0,1,0,18.235,0,616,1
0,0,0,0,1,0,0,0,1,0,18.235,0,1560,1
0,0,0,0,1,0,0,0,1,0,18.235,0,250,1
0,0,0,0,1,0,0,0,1,0,18.235,0,22900,1
0,0,0,0,1,0,0,0,1,0,18.235,0,1217,1
0,0,0,0,1,0,0,0,1,0,18.235,0,725,1
0,0,0,0,1,0,0,0,1,0,18.235,0,1217,1
0,0,0,0,1,0,0,0,1,0,18.235,0,3994,1
0,0,0,0,1,0,0,0,0,1,11.28,0,13,1
0,0,0,0,1,0,0,0,1,0,18.235,0,849,1
0,0,0,0,1,0,0,0,1,0,18.235,0,16325,1
0,0,0,0,1,0,0,0,1,0,18.235,0,1217,1
0,0,0,0,1,0,0,0,1,0,18.235,0,4128,1
0,0,0,0,1,0,0,0,1,0,18.235,0,779,0
0,0,0,0,1,0,0,0,0,1,11.28,0,283,1
0,0,0,0,1,0,0,0,1,0,18.235,0,1217,1
0,0,0,0,1,0,0,0,1,0,18.235,0,13522,1
0,0,0,0,1,0,0,0,1,0,18.235,0,186,1
0,0,0,0,1,0,0,0,1,0,18.235,0,148,1
0,0,0,0,1,0,0,0,1,0,18.235,0,1282,1
0,0,0,0,1,0,0,0,1,0,18.235,0,1506,1
0,0,0,0,1,0,0,0,0,1,6.4399999999999995,0,1591,1
0,0,0,0,1,0,0,0,0,1,19.505,0,203,1
0,0,0,0,1,0,0,0,1,0,18.235,0,435,0
0,0,0,0,1,0,0,0,1,0,18.235,0,4128,1
0,0,0,0,1,0,0,0,0,1,6.4399999999999995,0,640,1
0,0,0,0,1,0,0,0,1,0,18.235,0,1217,1
0,0,0,0,1,0,0,0,1,0,18.235,0,3848,1
0,0,0,0,1,0,0,0,1,0,18.235,0,4128,1
0,0,0,0,1,0,0,0,1,0,18.235,0,5664,1
0,0,0,0,1,0,0,0,1,0,18.235,0,153,1
0,0,0,0,1,0,0,0,1,0,18.235,0,1217,1
0,0,0,0,1,0,0,0,0,1,11.28,0,47,1
0,0,0,0,1,0,0,0,1,0,18.235,0,1217,1
0,0,0,0,1,0,0,0,1,0,18.235,0,6096,0
0,0,0,0,1,0,0,0,1,0,18.235,0,4128,1
0,0,0,0,1,0,0,0,1,0,18.235,0,4128,1
0,0,0,0,1,0,0,0,1,0,18.235,0,739,1
0,0,0,0,1,0,0,0,1,0,18.235,0,1217,1
0,0,0,0,1,0,0,0,1,0,18.235,0,1525,0
0,0,0,0,1,0,0,0,1,0,18.235,0,250,1
0,0,0,0,1,0,0,0,1,0,18.235,0,166,1
0,0,0,0,1,0,0,0,1,0,18.235,0,1217,1
0,0,0,0,1,0,0,0,0,1,11.28,0,728,1
0,0,0,0,1,0,0,0,1,0,18.235,0,1217,1
0,0,0,0,1,0,0,0,0,1,19.505,0,97,1
0,0,0,0,1,0,0,0,1,0,18.235,0,1217,1
0,0,0,0,1,0,0,0,1,0,18.235,0,198,1
0,0,0,0,1,0,0,0,1,0,18.235,0,22320,1
0,0,0,0,1,0,0,0,1,0,18.235,0,1217,1
0,0,0,0,1,0,0,0,1,0,18.235,0,1530,1
0,0,0,0,1,0,0,0,1,0,18.235,0,6234,1
0,0,0,0,1,0,0,0,1,0,18.235,0,1215,1
0,0,0,0,1,0,0,0,1,0,18.235,0,99,1
0,0,0,0,1,0,0,0,1,0,18.235,0,1217,1
0,0,0,0,1,0,0,0,1,0,18.235,0,1217,1
0,0,0,0,1,0,0,0,1,0,18.235,0,1217,0
0,0,0,0,1,0,0,0,1,0,18.235,0,792,1
0,0,0,0,1,0,0,0,1,0,18.235,0,148,1
0,0,0,0,1,0,0,0,1,0,18.235,0,50123,1
0,0,0,0,1,0,0,0,1,0,18.235,0,276,0
0,0,0,0,1,0,0,0,1,0,18.235,0,1132,1
0,0,0,0,1,0,0,0,1,0,18.235,0,1530,1
0,0,0,0,1,0,0,0,1,0,18.235,0,521,1
0,0,0,0,1,0,0,0,1,0,18.235,0,271,0
0,0,0,0,1,0,0,0,1,0,18.235,0,779,0
0,0,0,0,1,0,0,0,0,1,6.4399999999999995,0,337,0
0,0,0,0,1,0,0,0,1,0,18.235,0,262,1
0,0,0,0,1,0,0,0,1,0,18.235,0,3508,1
0,0,0,0,1,0,0,0,1,0,18.235,0,314,1
0,0,0,0,1,0,0,0,1,0,18.235,0,415,1
0,0,0,0,1,0,0,0,1,0,18.235,0,1378,0
0,0,0,0,1,0,0,0,1,0,18.235,0,96,1
0,0,0,0,1,0,0,0,1,0,18.235,0,709,1
0,0,0,0,1,0,0,0,0,1,11.28,0,269,0
0,0,0,0,1,0,0,0,0,1,6.4399999999999995,0,119,1
0,0,0,0,1,0,0,0,1,0,18.235,0,166,1
0,0,0,0,1,0,0,0,1,0,18.235,0,22900,1
0,0,0,0,1,0,0,0,1,0,18.235,0,66,1
0,0,0,0,1,0,0,0,0,1,11.28,0,321,1
0,0,0,0,1,0,0,0,1,0,18.235,0,589,1
0,0,0,0,1,0,0,0,1,0,18.235,0,377,1
0,0,0,0,1,0,0,0,1,0,18.235,0,772,1
0,0,0,0,1,0,0,0,1,0,18.235,0,390,1
0,0,0,0,1,0,0,0,1,0,18.235,0,80,1
0,0,0,0,1,0,0,0,0,1,6.4399999999999995,0,1380,1
0,0,0,0,1,0,0,0,1,0,18.235,0,257,1
0,0,0,0,1,0,0,0,1,0,18.235,0,5190,1
0,0,0,0,1,0,0,0,1,0,18.235,0,725,0
0,0,0,0,1,0,0,0,1,0,18.235,0,184,1
0,0,0,0,1,0,0,0,1,0,18.235,0,1218,1
0,0,0,0,1,0,0,0,1,0,18.235,0,1912,1
0,0,0,0,1,0,0,0,1,0,18.235,0,1218,1
0,0,0,0,1,0,0,0,1,0,18.235,0,780,1
0,0,0,0,1,0,0,0,1,0,18.235,0,1567,1
0,0,0,0,1,0,0,0,1,0,18.235,0,1218,1
0,0,0,0,1,0,0,0,1,0,18.235,0,262,1
0,0,0,0,1,0,0,0,1,0,18.235,0,1218,0
0,0,0,0,1,0,0,0,0,1,11.28,0,321,1
0,0,0,0,1,0,0,0,1,0,18.235,0,1218,0
0,0,0,0,1,0,0,0,0,1,11.28,0,1653,1
0,0,0,0,1,0,0,0,1,0,18.235,0,1218,1
0,0,0,0,1,0,0,0,1,0,18.235,0,1218,1
0,0,0,0,1,0,0,0,1,0,18.235,0,1497,1
0,0,0,0,1,0,0,0,0,1,11.28,0,901,0
0,0,0,0,1,0,0,0,1,0,18.235,0,1113,1
0,0,0,0,1,0,0,0,1,0,18.235,0,353,1
0,0,0,0,1,0,0,0,1,0,18.235,0,485,1
0,0,0,0,1,0,0,0,1,0,18.235,0,1218,1
0,0,0,0,1,0,0,0,1,0,18.235,0,1383,1
0,0,0,0,1,0,0,0,1,0,18.235,0,656,0
0,0,0,0,1,0,0,0,1,0,18.235,0,1218,1
0,0,0,0,1,0,0,0,1,0,18.235,0,22900,0
0,0,0,0,1,0,0,0,1,0,18.235,0,1525,0
0,0,0,0,1,0,0,0,1,0,18.235,0,54697,1
0,0,0,0,1,0,0,0,1,0,18.235,0,1218,1
0,0,0,0,1,0,0,0,0,1,6.4399999999999995,0,119,1
0,0,0,0,1,0,0,0,1,0,18.235,0,694,1
0,0,0,0,1,0,0,0,1,0,18.235,0,1218,1
0,0,0,0,1,0,0,0,1,0,18.235,0,1070,0
0,0,0,0,1,0,0,0,1,0,18.235,0,1383,1
0,0,0,0,1,0,0,0,1,0,18.235,0,153,0
0,0,0,0,1,0,0,0,1,0,18.235,0,772,1
0,0,0,0,1,0,0,0,1,0,18.235,0,1218,0
0,0,0,0,1,0,0,0,1,0,18.235,0,8003,0
0,0,0,0,1,0,0,0,1,0,18.235,0,13226,1
0,0,0,0,1,0,0,0,1,0,18.235,0,1218,0
0,0,0,0,1,0,0,0,0,1,18.235,0,1409,1
0,0,0,0,1,0,0,0,1,0,18.235,0,1218,1
0,0,0,0,1,0,0,0,1,0,18.235,0,525,1
0,0,0,0,1,0,0,0,1,0,18.235,0,403134,1
0,0,0,0,1,0,0,0,1,0,18.235,0,74,0
0,0,0,0,1,0,0,0,1,0,18.235,0,583,1
0,0,0,0,1,0,0,0,1,0,18.235,0,13203,1
0,0,0,0,1,0,0,0,1,0,18.235,0,220,1
0,0,0,0,1,0,0,0,1,0,18.235,0,85,1
0,0,0,0,1,0,0,0,1,0,18.235,0,292,0
0,0,0,0,1,0,0,0,0,1,19.505,0,376,1
0,0,0,0,1,0,0,0,1,0,18.235,0,1512,1
0,0,0,0,1,0,0,0,1,0,18.235,0,1090,1
0,0,0,0,1,0,0,0,1,0,18.235,0,232,1
0,0,0,0,1,0,0,0,1,0,18.235,0,182,1
0,0,0,0,1,0,0,0,0,1,11.28,0,8292,1
0,0,0,0,1,0,0,0,1,0,18.235,0,1218,1
0,0,0,0,1,0,0,0,1,0,18.235,0,1598,1
0,0,0,0,1,0,0,0,1,0,18.235,0,135260,1
0,0,0,0,1,0,0,0,1,0,18.235,0,257,1
0,0,0,0,1,0,0,0,0,1,6.4399999999999995,0,1296,1
0,0,0,0,1,0,0,0,1,0,18.235,0,70,1
0,0,0,0,1,0,0,0,1,0,18.235,0,725,1
0,0,0,0,1,0,0,0,1,0,18.235,0,1731,1
0,0,0,0,1,0,0,0,1,0,18.235,0,317,0
0,0,0,0,1,0,0,0,1,0,18.235,0,220,0
0,0,0,0,1,0,0,0,1,0,18.235,0,946,1
0,0,0,0,1,0,0,0,1,0,18.235,0,772,0
0,0,0,0,1,0,0,0,1,0,18.235,0,183,1
0,0,0,0,1,0,0,0,1,0,18.235,0,59,1
0,0,0,0,1,0,0,0,1,0,18.235,0,8486,0
0,0,0,0,1,0,0,0,0,1,11.28,0,343,0
0,0,0,0,1,0,0,0,1,0,18.235,0,946,1
0,0,0,0,1,0,0,0,1,0,18.235,0,616,1
0,0,0,0,1,0,0,0,1,0,18.235,0,605,1
0,0,0,0,1,0,0,0,1,0,18.235,0,3610,1
0,0,0,0,1,0,0,0,1,0,18.235,0,1218,1
0,0,0,0,1,0,0,0,1,0,18.235,0,946,1
0,0,0,0,1,0,0,0,0,1,18.8,0,581,1
0,0,0,0,1,0,0,0,0,1,11.28,0,1109,0
0,0,0,0,1,0,0,0,0,1,11.28,0,4198,1
0,0,0,0,1,0,0,0,1,0,18.235,0,1122,1
0,0,0,0,1,0,0,0,1,0,18.235,0,230,1
0,0,0,0,1,0,0,0,1,0,18.235,0,231,1
0,0,0,0,1,0,0,0,0,1,11.28,0,1109,1
0,0,0,0,1,0,0,0,1,0,18.235,0,234,1
0,0,0,0,1,0,0,0,1,0,18.235,0,4281,1
0,0,0,0,1,0,0,0,1,0,18.235,0,734,1
0,0,0,0,1,0,0,0,1,0,18.235,0,43,1
0,0,0,0,1,0,0,0,0,1,18.235,0,201,1
0,0,0,0,1,0,0,0,1,0,18.235,0,1964,1
0,0,0,0,1,0,0,0,1,0,18.235,0,599,1
0,0,0,0,1,0,0,0,1,0,18.235,0,376,1
0,0,0,0,1,0,0,0,1,0,18.235,0,5532,1
0,0,0,0,1,0,0,0,1,0,18.235,0,865,1
0,0,0,0,1,0,0,0,1,0,18.235,0,3610,1
0,0,0,0,1,0,0,0,1,0,18.235,0,2583,1
0,0,0,0,1,0,0,0,1,0,18.235,0,3131,1
0,0,0,0,1,0,0,0,0,1,11.28,0,607,0
0,0,0,0,1,0,0,0,1,0,18.235,0,710,1
0,0,0,0,1,0,0,0,1,0,18.235,0,1306,1
0,0,0,0,1,0,0,0,0,1,11.28,0,203,1
0,0,0,0,1,0,0,0,1,0,18.235,0,787,1
0,0,0,0,1,0,0,0,0,1,11.28,0,901,0
0,0,0,0,1,0,0,0,0,1,18.235,0,22,1
0,0,0,0,1,0,0,0,1,0,18.235,0,574,0
0,0,0,0,1,0,0,0,1,0,18.235,0,262,0
0,0,0,0,1,0,0,0,1,0,18.235,0,3542,1
0,0,0,0,1,0,0,0,0,1,11.28,0,1109,1
0,0,0,0,1,0,0,0,1,0,18.235,0,3610,1
0,0,0,0,1,0,0,0,1,0,18.235,0,44072,0
0,0,0,0,1,0,0,0,1,0,18.235,0,17113,1
0,0,0,0,1,0,0,0,1,0,18.235,0,1766,1
0,0,0,0,1,0,0,0,1,0,18.235,0,4263,1
0,0,0,0,1,0,0,0,1,0,18.235,0,1306,1
0,0,0,0,1,0,0,0,1,0,18.235,0,3610,1
0,0,0,0,1,0,0,0,1,0,18.235,0,1293,1
0,0,0,0,1,0,0,0,0,1,11.28,0,542,1
0,0,0,0,1,0,0,0,1,0,18.235,0,3610,1
0,0,0,0,1,0,0,0,1,0,18.235,0,168,1
0,0,0,0,1,0,0,0,1,0,18.235,0,772,1
0,0,0,0,1,0,0,0,1,0,18.235,0,27360,1
0,0,0,0,1,0,0,0,1,0,18.235,0,328,1
0,0,0,0,1,0,0,0,1,0,18.235,0,3494,1
0,0,0,0,1,0,0,0,0,1,11.28,0,69,1
0,0,0,0,1,0,0,0,1,0,18.235,0,710,0
0,0,0,0,1,0,0,0,1,0,18.235,0,177,1
0,0,0,0,1,0,0,0,1,0,18.235,0,3610,1
0,0,0,0,1,0,0,0,1,0,18.235,0,63,1
0,0,0,0,1,0,0,0,0,1,11.28,0,3851,1
0,0,0,0,1,0,0,0,1,0,18.235,0,262,1
0,0,0,0,1,0,0,0,1,0,18.235,0,4263,1
0,0,0,0,1,0,0,0,1,0,18.235,0,100,1
0,0,0,0,1,0,0,0,0,1,11.28,0,161,1
0,0,0,0,1,0,0,0,1,0,18.235,0,746,1
0,0,0,0,1,0,0,0,1,0,18.235,0,1999,1
0,0,0,0,1,0,0,0,1,0,18.235,0,262,1
0,0,0,0,1,0,0,0,0,1,11.28,0,901,1
0,0,0,0,1,0,0,0,1,0,18.235,0,852,1
0,0,0,0,1,0,0,0,1,0,18.235,0,3610,1
0,0,0,0,1,0,0,0,1,0,18.235,0,772,1
0,0,0,0,1,0,0,0,1,0,18.235,0,1964,0
0,0,0,0,1,0,0,0,1,0,18.235,0,1122,1
0,0,0,0,1,0,0,0,1,0,18.235,0,262,1
0,0,0,0,1,0,0,0,1,0,18.235,0,231,1
0,0,0,0,1,0,0,0,1,0,18.235,0,288,1
0,0,0,0,1,0,0,0,0,1,11.28,0,924,1
0,0,0,0,1,0,0,0,1,0,18.235,0,710,1
0,0,0,0,1,0,0,0,0,1,11.28,0,924,1
0,0,0,0,1,0,0,0,1,0,18.235,0,222,1
0,0,0,0,1,0,0,0,1,0,18.235,0,3611,0
0,0,0,0,1,0,0,0,1,0,18.235,0,262,1
0,0,0,0,1,0,0,0,1,0,18.235,0,16324,1
0,0,0,0,1,0,0,0,1,0,18.235,0,710,1
0,0,0,0,1,0,0,0,1,0,18.235,0,340,1
0,0,0,0,1,0,0,0,1,0,18.235,0,244,1
0,0,0,0,1,0,0,0,1,0,18.235,0,578,1
0,0,0,0,1,0,0,0,1,0,18.235,0,554,1
0,0,0,0,1,0,0,0,1,0,18.235,0,1038,1
0,0,0,0,1,0,0,0,0,1,11.28,0,190,1
0,0,0,0,1,0,0,0,1,0,18.235,0,23,1
0,0,0,0,1,0,0,0,1,0,18.235,0,895,1
0,0,0,0,1,0,0,0,1,0,18.235,0,44072,1
0,0,0,0,1,0,0,0,1,0,18.235,0,3611,1
0,0,0,0,1,0,0,0,1,0,18.235,0,240,1
0,0,0,0,1,0,0,0,1,0,18.235,0,609,1
0,0,0,0,1,0,0,0,1,0,18.235,0,296,1
0,0,0,0,1,0,0,0,1,0,18.235,0,93,1
0,0,0,0,1,0,0,0,1,0,18.235,0,330,1
0,0,0,0,1,0,0,0,0,1,11.28,0,119,1
0,0,0,0,1,0,0,0,1,0,18.235,0,262,1
0,0,0,0,1,0,0,0,1,0,18.235,0,110,1
0,0,0,0,1,0,0,0,1,0,18.235,0,168,0
0,0,0,0,1,0,0,0,1,0,18.235,0,262,0
0,0,0,0,1,0,0,0,1,0,18.235,0,238,0
0,0,0,0,1,0,0,0,1,0,18.235,0,434,1
0,0,0,0,1,0,0,0,1,0,18.235,0,328,1
0,0,0,0,1,0,0,0,1,0,18.235,0,772,1
0,0,0,0,1,0,0,0,0,1,11.28,0,343,1
0,0,0,0,1,0,0,0,1,0,18.235,0,852,1
0,0,0,0,1,0,0,0,0,1,11.28,0,901,1
0,0,0,0,1,0,0,0,0,1,11.28,0,34,1
0,0,0,0,1,0,0,0,1,0,18.235,0,1445,1
0,0,0,0,1,0,0,0,1,0,18.235,0,710,0
0,0,0,0,1,0,0,0,1,0,18.235,0,699,1
0,0,0,0,1,0,0,0,1,0,18.235,0,198,0
0,0,0,0,1,0,0,0,0,1,11.28,0,6,0
0,0,0,0,1,0,0,0,1,0,18.235,0,3612,1
0,0,0,0,1,0,0,0,1,0,18.235,0,852,1
0,0,0,0,1,0,0,0,0,1,11.28,0,426,1
0,0,0,0,1,0,0,0,1,0,18.235,0,234,1
0,0,0,0,1,0,0,0,1,0,18.235,0,153,1
0,0,0,0,1,0,0,0,1,0,18.235,0,262,0
0,0,0,0,1,0,0,0,1,0,18.235,0,189,1
0,0,0,0,1,0,0,0,1,0,18.235,0,699,0
0,0,0,0,1,0,0,0,0,1,6.4399999999999995,0,1592,1
0,0,0,0,1,0,0,0,1,0,18.235,0,17113,1
0,0,0,0,1,0,0,0,0,1,11.28,0,25540,1
0,0,0,0,1,0,0,0,0,1,11.28,0,34,0
0,0,0,0,1,0,0,0,1,0,18.235,0,3131,1
0,0,0,0,1,0,0,0,0,1,11.28,0,22,0
0,0,0,0,1,0,0,0,1,0,18.235,0,699,1
0,0,0,0,1,0,0,0,1,0,18.235,0,266,1
0,0,0,0,1,0,0,0,1,0,18.235,0,4548,1
0,0,0,0,1,0,0,0,0,1,11.28,0,22,1
0,0,0,0,1,0,0,0,1,0,18.235,0,13202,1
0,0,0,0,1,0,0,0,1,0,18.235,0,244,0
0,0,0,0,1,0,0,0,1,0,18.235,0,415,1
0,0,0,0,1,0,0,0,0,1,11.28,0,22,1
0,0,0,0,1,0,0,0,1,0,18.235,0,517,1
0,0,0,0,1,0,0,0,1,0,18.235,0,262,0
0,0,0,0,1,0,0,0,1,0,18.235,0,16324,1
0,0,0,0,1,0,0,0,1,0,18.235,0,1218,1
0,0,0,0,1,0,0,0,1,0,18.235,0,58,1
0,0,0,0,1,0,0,0,0,1,11.28,0,25540,1
0,0,0,0,1,0,0,0,1,0,18.235,0,55485,0
0,0,0,0,1,0,0,0,1,0,18.235,0,20800,1
0,0,0,0,1,0,0,0,1,0,18.235,0,4696,1
0,0,0,0,1,0,0,0,0,1,11.28,0,22,1
0,0,0,0,1,0,0,0,1,0,18.235,0,1418,1
0,0,0,0,1,0,0,0,1,0,18.235,0,55485,0
0,0,0,0,1,0,0,0,1,0,18.235,0,1270,1
0,0,0,0,1,0,0,0,1,0,18.235,0,15,1
0,0,0,0,1,0,0,0,1,0,18.235,0,257,1
0,0,0,0,1,0,0,0,1,0,18.235,0,1383,1
0,0,0,0,1,0,0,0,1,0,18.235,0,12625,0
0,0,0,0,1,0,0,0,1,0,18.235,0,1218,1
0,0,0,0,1,0,0,0,1,0,18.235,0,3613,0
0,0,0,0,1,0,0,0,1,0,18.235,0,1218,1
0,0,0,0,1,0,0,0,1,0,18.235,0,927,0
0,0,0,0,1,0,0,0,1,0,18.235,0,385,1
0,0,0,0,1,0,0,0,1,0,18.235,0,27,1
0,0,0,0,1,0,0,0,1,0,18.235,0,429,1
0,0,0,0,1,0,0,0,1,0,18.235,0,169,1
0,0,0,0,1,0,0,0,1,0,18.235,0,75,0
0,0,0,0,1,0,0,0,1,0,18.235,0,698,1
0,0,0,0,1,0,0,0,1,0,18.235,0,1383,1
0,0,0,0,1,0,0,0,1,0,18.235,0,444,1
0,0,0,0,1,0,0,0,1,0,18.235,0,23,1
0,0,0,0,1,0,0,0,1,0,18.235,0,6690,0
0,0,0,0,1,0,0,0,0,1,11.28,0,427,1
0,0,0,0,1,0,0,0,1,0,18.235,0,16324,1
0,0,0,0,1,0,0,0,1,0,18.235,0,1741,1
0,0,0,0,1,0,0,0,1,0,18.235,0,812,1
0,0,0,0,1,0,0,0,1,0,18.235,0,361,1
0,0,0,0,1,0,0,0,0,1,11.28,0,1110,1
0,0,0,0,1,0,0,0,1,0,18.235,0,1999,1
0,0,0,0,1,0,0,0,1,0,18.235,0,262,0
0,0,0,0,1,0,0,0,1,0,18.235,0,205,1
0,0,0,0,1,0,0,0,1,0,18.235,0,492,1
0,0,0,0,1,0,0,0,1,0,18.235,0,117,1
0,0,0,0,1,0,0,0,1,0,18.235,0,699,1
0,0,0,0,1,0,0,0,0,1,11.28,0,13,1
0,0,0,0,1,0,0,0,1,0,18.235,0,55485,1
0,0,0,0,1,0,0,0,1,0,18.235,0,135258,1
0,0,0,0,1,0,0,0,1,0,18.235,0,20807,1
0,0,0,0,1,0,0,0,1,0,18.235,0,262,1
0,0,0,0,1,0,0,0,1,0,18.235,0,55485,0
0,0,0,0,1,0,0,0,1,0,18.235,0,325,1
0,0,0,0,1,0,0,0,1,0,18.235,0,99,1
0,0,0,0,1,0,0,0,1,0,18.235,0,333,1
0,0,0,0,1,0,0,0,1,0,18.235,0,156,1
0,0,0,0,1,0,0,0,1,0,18.235,0,3613,1
0,0,0,0,1,0,0,0,1,0,18.235,0,1560,1
0,0,0,0,1,0,0,0,1,0,18.235,0,55485,1
0,0,0,0,1,0,0,0,1,0,18.235,0,365,1
0,0,0,0,1,0,0,0,0,1,11.28,0,1109,1
0,0,0,0,1,0,0,0,0,1,7.325,0,141,1
0,0,0,0,1,0,0,0,1,0,18.235,0,266,1
0,0,0,0,1,0,0,0,1,0,18.235,0,55485,0
0,0,0,0,1,0,0,0,0,1,11.28,0,25540,1
0,0,0,0,1,0,0,0,1,0,18.235,0,188,1
0,0,0,0,1,0,0,0,1,0,18.235,0,139220,1
0,0,0,0,1,0,0,0,1,0,18.235,0,11470,1
0,0,0,0,1,0,0,0,1,0,18.235,0,613,1
0,0,0,0,1,0,0,0,1,0,18.235,0,55485,1
0,0,0,0,1,0,0,0,1,0,18.235,0,153,0
0,0,0,0,1,0,0,0,1,0,18.235,0,135,1
0,0,0,0,1,0,0,0,1,0,18.235,0,346,0
0,0,0,0,1,0,0,0,1,0,18.235,0,4263,1
0,0,0,0,1,0,0,0,1,0,18.235,0,1383,1
0,0,0,0,1,0,0,0,1,0,18.235,0,506,1
0,0,0,0,1,0,0,0,1,0,18.235,0,55485,1
0,0,0,0,1,0,0,0,1,0,18.235,0,3848,1
0,0,0,0,1,0,0,0,0,1,11.28,0,1109,1
0,0,0,0,1,0,0,0,1,0,18.235,0,3613,1
0,0,0,0,1,0,0,0,1,0,18.235,0,856,1
0,0,0,0,1,0,0,0,1,0,18.235,0,262,0
0,0,0,0,1,0,0,0,1,0,18.235,0,377,0
0,0,0,0,1,0,0,0,1,0,18.235,0,416,1
0,0,0,0,1,0,0,0,1,0,18.235,0,698,1
0,0,0,0,1,0,0,0,1,0,18.235,0,869,1
0,0,0,0,1,0,0,0,1,0,18.235,0,3613,1
0,0,0,0,1,0,0,0,0,1,7.325,0,751,1
0,0,0,0,1,0,0,0,1,0,18.235,0,121,1
0,0,0,0,1,0,0,0,1,0,18.235,0,1294,1
0,0,0,0,1,0,0,0,1,0,18.235,0,340,1
0,0,0,0,1,0,0,0,1,0,18.235,0,55485,1
0,0,0,0,1,0,0,0,1,0,18.235,0,1218,1
0,0,0,0,1,0,0,0,1,0,18.235,0,1218,1
0,0,0,0,1,0,0,0,1,0,18.235,0,3613,1
0,0,0,0,1,0,0,0,1,0,18.235,0,1218,1
0,0,0,0,1,0,0,0,0,1,18.235,0,1101,1
0,0,0,0,1,0,0,0,1,0,18.235,0,1276,1
0,0,0,0,1,0,0,0,1,0,18.235,0,223,1
0,0,0,0,1,0,0,0,1,0,18.235,0,1911,1
0,0,0,0,1,0,0,0,1,0,18.235,0,14,1
0,0,0,0,1,0,0,0,0,1,11.28,0,3000,1
0,0,0,0,1,0,0,0,1,0,18.235,0,747,1
0,0,0,0,1,0,0,0,1,0,18.235,0,55485,1
0,0,0,0,1,0,0,0,1,0,18.235,0,262,1
0,0,0,0,1,0,0,0,1,0,18.235,0,613,1
0,0,0,0,1,0,0,0,1,0,18.235,0,675,1
0,0,0,0,1,0,0,0,0,1,6.4399999999999995,0,107,1
0,0,0,0,1,0,0,0,1,0,18.235,0,22903,1
0,0,0,0,1,0,0,0,1,0,18.235,0,869,0
0,0,0,0,1,0,0,0,1,0,18.235,0,1218,1
0,0,0,0,1,0,0,0,1,0,18.235,0,126,1
0,0,0,0,1,0,0,0,1,0,18.235,0,1218,1
0,0,0,0,1,0,0,0,1,0,18.235,0,485,1
0,0,0,0,1,0,0,0,1,0,18.235,0,1218,1
0,0,0,0,1,0,0,0,1,0,18.235,0,1218,1
0,0,0,0,1,0,0,0,1,0,18.235,0,55485,0
0,0,0,0,1,0,0,0,1,0,18.235,0,262,1
0,0,0,0,1,0,0,0,1,0,18.235,0,22903,1
0,0,0,0,1,0,0,0,1,0,18.235,0,201,1
0,0,0,0,1,0,0,0,1,0,18.235,0,452,0
0,0,0,0,1,0,0,0,1,0,18.235,0,2040,1
0,0,0,0,1,0,0,0,1,0,18.235,0,520,0
0,0,0,0,1,0,0,0,1,0,18.235,0,2583,1
0,0,0,0,1,0,0,0,1,0,18.235,0,613,1
0,0,0,0,1,0,0,0,1,0,18.235,0,699,1
0,0,0,0,1,0,0,0,1,0,18.235,0,99,1
0,0,0,0,1,0,0,0,1,0,18.235,0,55485,1
0,0,0,0,1,0,0,0,1,0,18.235,0,333,1
0,0,0,0,1,0,0,0,1,0,18.235,0,340,0
0,0,0,0,1,0,0,0,1,0,18.235,0,1999,0
0,0,0,0,1,0,0,0,1,0,18.235,0,25541,0
0,0,0,0,1,0,0,0,1,0,18.235,0,3613,1
0,0,0,0,1,0,0,0,1,0,18.235,0,99,1
0,0,0,0,1,0,0,0,1,0,18.235,0,126,1
0,0,0,0,1,0,0,0,1,0,18.235,0,1498,0
0,0,0,0,1,0,0,0,1,0,18.235,0,1218,1
0,0,0,0,1,0,0,0,1,0,18.235,0,22903,1
0,0,0,0,1,0,0,0,1,0,18.235,0,205,0
0,0,0,0,1,0,0,0,1,0,18.235,0,1218,1
0,0,0,0,1,0,0,0,1,0,18.235,0,1218,1
0,0,0,0,1,0,0,0,1,0,18.235,0,1218,1
0,0,0,0,1,0,0,0,1,0,18.235,0,55485,1
0,0,0,0,1,0,0,0,1,0,18.235,0,427,0
0,0,0,0,1,0,0,0,1,0,18.235,0,190,1
0,0,0,0,1,0,0,0,1,0,18.235,0,4263,1
0,0,0,0,1,0,0,0,1,0,18.235,0,25541,1
0,0,0,0,1,0,0,0,0,1,11.28,0,350,1
0,0,0,0,1,0,0,0,1,0,18.235,0,554,1
0,0,0,0,1,0,0,0,1,0,18.235,0,117,1
0,0,0,0,1,0,0,0,1,0,18.235,0,3613,1
0,0,0,0,1,0,0,0,1,0,18.235,0,276,1
0,0,0,0,1,0,0,0,1,0,18.235,0,15,1
0,0,0,0,1,0,0,0,0,1,11.28,0,343,1
0,0,0,0,1,0,0,0,1,0,18.235,0,405,1
0,0,0,0,1,0,0,0,1,0,18.235,0,606,1
0,0,0,0,1,0,0,0,0,1,11.28,0,4857,1
0,0,0,0,1,0,0,0,1,0,18.235,0,10927,1
0,0,0,0,1,0,0,0,1,0,18.235,0,633,1
0,0,0,0,1,0,0,0,1,0,18.235,0,772,1
0,0,0,0,1,0,0,0,1,0,18.235,0,340,0
0,0,0,0,1,0,0,0,0,1,23.75,0,230,1
0,0,0,0,1,0,0,0,1,0,18.235,0,18095,1
0,0,0,0,1,0,0,0,0,1,11.28,0,235,1
0,0,0,0,1,0,0,0,1,0,18.235,0,378,1
0,0,0,0,1,0,0,0,1,0,18.235,0,77,1
0,0,0,0,1,0,0,0,0,1,12.78,0,558,1
0,0,0,0,1,0,0,0,1,0,18.235,0,1445,1
0,0,0,0,1,0,0,0,1,0,18.235,0,99,1
0,0,0,0,1,0,0,0,1,0,18.235,0,22903,1
0,0,0,0,1,0,0,0,1,0,18.235,0,190,1
0,0,0,0,1,0,0,0,1,0,18.235,0,150,1
0,0,0,0,1,0,0,0,1,0,18.235,0,503,1
0,0,0,0,1,0,0,0,1,0,18.235,0,25541,1
0,0,0,0,1,0,0,0,1,0,18.235,0,101,1
0,0,0,0,1,0,0,0,1,0,18.235,0,675,1
0,0,0,0,1,0,0,0,1,0,18.235,0,405,0
0,0,0,0,1,0,0,0,1,0,18.235,0,2064,0
0,0,0,0,1,0,0,0,1,0,18.235,0,340,0
0,0,0,0,1,0,0,0,1,0,18.235,0,772,1
0,0,0,0,1,0,0,0,1,0,18.235,0,895,1
0,0,0,0,1,0,0,0,1,0,18.235,0,2064,0
0,0,0,0,1,0,0,0,1,0,18.235,0,75,1
0,0,0,0,1,0,0,0,1,0,18.235,0,55485,1
0,0,0,0,1,0,0,0,1,0,18.235,0,668,0
0,0,0,0,1,0,0,0,1,0,18.235,0,150,1
0,0,0,0,1,0,0,0,0,1,11.28,0,4857,1
0,0,0,0,1,0,0,0,1,0,18.235,0,675,1
0,0,0,0,1,0,0,0,1,0,18.235,0,1218,1
0,0,0,0,1,0,0,0,1,0,18.235,0,403,1
0,0,0,0,1,0,0,0,1,0,18.235,0,1218,1
0,0,0,0,1,0,0,0,1,0,18.235,0,427,1
0,0,0,0,1,0,0,0,1,0,18.235,0,1218,1
0,0,0,0,1,0,0,0,1,0,18.235,0,772,1
0,0,0,0,1,0,0,0,1,0,18.235,0,725,0
0,0,0,0,1,0,0,0,1,0,18.235,0,1218,1
0,0,0,0,1,0,0,0,1,0,18.235,0,1218,1
0,0,0,0,1,0,0,0,0,1,11.28,0,3000,1
0,0,0,0,1,0,0,0,1,0,18.235,0,1218,1
0,0,0,0,1,0,0,0,1,0,18.235,0,15,1
0,0,0,0,1,0,0,0,1,0,18.235,0,6017,1
0,0,0,0,1,0,0,0,1,0,18.235,0,503,1
0,0,0,0,1,0,0,0,1,0,18.235,0,335,1
0,0,0,0,1,0,0,0,1,0,18.235,0,17113,1
0,0,0,0,1,0,0,0,1,0,18.235,0,1218,1
0,0,0,0,1,0,0,0,1,0,18.235,0,1218,1
0,0,0,0,1,0,0,0,1,0,18.235,0,266,1
0,0,0,0,1,0,0,0,1,0,18.235,0,1218,1
0,0,0,0,1,0,0,0,0,1,6.4399999999999995,0,1592,1
0,0,0,0,1,0,0,0,1,0,18.235,0,1218,1
0,0,0,0,1,0,0,0,1,0,18.235,0,1218,1
0,0,0,0,1,0,0,0,1,0,18.235,0,75,1
0,0,0,0,1,0,0,0,1,0,18.235,0,1218,1
0,0,0,0,1,0,0,0,1,0,18.235,0,1218,1
0,0,0,0,1,0,0,0,1,0,18.235,0,712,1
0,0,0,0,1,0,0,0,1,0,18.235,0,1598,1
0,0,0,0,1,0,0,0,1,0,18.235,0,1218,1
0,0,0,0,1,0,0,0,1,0,18.235,0,1218,1
0,0,0,0,1,0,0,0,1,0,18.235,0,5749,1
0,0,0,0,1,0,0,0,1,0,18.235,0,55485,1
0,0,0,0,1,0,0,0,1,0,18.235,0,506,1
0,0,0,0,1,0,0,0,1,0,18.235,0,403,0
0,0,0,0,1,0,0,0,1,0,18.235,0,1218,1
0,0,0,0,1,0,0,0,1,0,18.235,0,1218,1
0,0,0,0,1,0,0,0,1,0,18.235,0,603,1
0,0,0,0,1,0,0,0,1,0,18.235,0,2923,1
0,0,0,0,1,0,0,0,1,0,18.235,0,1218,1
0,0,0,0,1,0,0,0,1,0,18.235,0,230,0
0,0,0,0,1,0,0,0,1,0,18.235,0,1218,1
0,0,0,0,1,0,0,0,1,0,18.235,0,1218,1
0,0,0,0,1,0,0,0,1,0,18.235,0,1218,1
0,0,0,0,1,0,0,0,0,1,11.28,0,343,1
0,0,0,0,1,0,0,0,1,0,18.235,0,1218,1
0,0,0,0,1,0,0,0,1,0,18.235,0,725,1
0,0,0,0,1,0,0,0,1,0,18.235,0,1140,1
0,0,0,0,1,0,0,0,1,0,18.235,0,487,1
0,0,0,0,1,0,0,0,1,0,18.235,0,1384,1
0,0,0,0,1,0,0,0,1,0,18.235,0,772,1
0,0,0,0,1,0,0,0,1,0,18.235,0,78618,1
0,0,0,0,1,0,0,0,0,1,18.405,0,325,1
0,0,0,0,1,0,0,0,1,0,18.235,0,772,1
0,0,0,0,1,0,0,0,1,0,18.235,0,55486,1
0,0,0,0,1,0,0,0,1,0,18.235,0,282,0
0,0,0,0,1,0,0,0,0,1,11.28,0,312,1
0,0,0,0,1,0,0,0,1,0,18.235,0,62,0
0,0,0,0,1,0,0,0,0,1,18.235,0,590,1
0,0,0,0,1,0,0,0,1,0,18.235,0,262,1
0,0,0,0,1,0,0,0,1,0,18.235,0,3613,1
0,0,0,0,1,0,0,0,1,0,18.235,0,440,1
0,0,0,0,1,0,0,0,1,0,18.235,0,276,0
0,0,0,0,1,0,0,0,0,1,11.28,0,962,1
0,0,0,0,1,0,0,0,1,0,18.235,0,1586,1
0,0,0,0,1,0,0,0,1,0,18.235,0,55486,0
0,0,0,0,1,0,0,0,1,0,18.235,0,548,1
0,0,0,0,1,0,0,0,1,0,18.235,0,15,1
0,0,0,0,1,0,0,0,1,0,18.235,0,22903,1
0,0,0,0,1,0,0,0,1,0,18.235,0,44072,1
0,0,0,0,1,0,0,0,1,0,18.235,0,174,1
0,0,0,0,1,0,0,0,1,0,18.235,0,184,0
0,0,0,0,1,0,0,0,0,1,6.4399999999999995,0,1592,1
0,0,0,0,1,0,0,0,1,0,18.235,0,3613,1
0,0,0,0,1,0,0,0,1,0,18.235,0,55486,1
0,0,0,0,1,0,0,0,0,1,6.4399999999999995,0,305,1
0,0,0,0,1,0,0,0,1,0,18.235,0,22903,1
0,0,0,0,1,0,0,0,0,1,12.78,0,558,0
0,0,0,0,1,0,0,0,0,1,11.28,0,437,1
0,0,0,0,1,0,0,0,1,0,18.235,0,109,1
0,0,0,0,1,0,0,0,0,1,11.28,0,254,1
0,0,0,0,1,0,0,0,1,0,18.235,0,55486,1
0,0,0,0,1,0,0,0,1,0,18.235,0,22903,1
0,0,0,0,1,0,0,0,1,0,18.235,0,117,0
0,0,0,0,1,0,0,0,1,0,18.235,0,69,1
0,0,0,0,1,0,0,0,1,0,18.235,0,1384,1
0,0,0,0,1,0,0,0,1,0,18.235,0,44072,1
0,0,0,0,1,0,0,0,0,1,11.28,0,254,1
0,0,0,0,1,0,0,0,1,0,18.235,0,403,1
0,0,0,0,1,0,0,0,1,0,18.235,0,3613,0
0,0,0,0,1,0,0,0,1,0,18.235,0,148,1
0,0,0,0,1,0,0,0,1,0,18.235,0,88,1
0,0,0,0,1,0,0,0,0,1,12.78,0,558,1
0,0,0,0,1,0,0,0,1,0,18.235,0,22903,0
0,0,0,0,1,0,0,0,1,0,18.235,0,6200,1
0,0,0,0,1,0,0,0,1,0,18.235,0,1327,1
0,0,0,0,1,0,0,0,0,1,6.4399999999999995,0,865,0
0,0,0,0,1,0,0,0,1,0,18.235,0,946,1
0,0,0,0,1,0,0,0,1,0,18.235,0,3613,1
0,0,0,0,1,0,0,0,1,0,18.235,0,55486,0
0,0,0,0,1,0,0,0,1,0,18.235,0,1154,1
0,0,0,0,1,0,0,0,1,0,18.235,0,2597,1
0,0,0,0,1,0,0,0,0,1,7.325,0,517,1
0,0,0,0,1,0,0,0,1,0,18.235,0,156,0
0,0,0,0,1,0,0,0,1,0,18.235,0,668,1
0,0,0,0,1,0,0,0,1,0,18.235,0,55486,1
0,0,0,0,1,0,0,0,0,1,11.28,0,2476,0
0,0,0,0,1,0,0,0,1,0,18.235,0,452,1
0,0,0,0,1,0,0,0,1,0,18.235,0,17113,1
0,0,0,0,1,0,0,0,1,0,18.235,0,1140,1
0,0,0,0,1,0,0,0,1,0,18.235,0,55486,1
0,0,0,0,1,0,0,0,1,0,18.235,0,523,0
0,0,0,0,1,0,0,0,1,0,18.235,0,7732,1
0,0,0,0,1,0,0,0,1,0,18.235,0,205,1
0,0,0,0,1,0,0,0,1,0,18.235,0,1999,1
0,0,0,0,1,0,0,0,1,0,18.235,0,1402,1
0,0,0,0,1,0,0,0,1,0,18.235,0,55486,0
0,0,0,0,1,0,0,0,1,0,18.235,0,1402,1
0,0,0,0,1,0,0,0,0,1,18.235,0,528,1
0,0,0,0,1,0,0,0,1,0,18.235,0,817,0
0,0,0,0,1,0,0,0,1,0,18.235,0,487,1
0,0,0,0,1,0,0,0,1,0,18.235,0,240718,1
0,0,0,0,1,0,0,0,1,0,18.235,0,6096,1
0,0,0,0,1,0,0,0,1,0,18.235,0,521,1
0,0,0,0,1,0,0,0,1,0,18.235,0,125,1
0,0,0,0,1,0,0,0,1,0,18.235,0,5749,1
0,0,0,0,1,0,0,0,1,0,18.235,0,1073,1
0,0,0,0,1,0,0,0,1,0,18.235,0,188,0
0,0,0,0,1,0,0,0,1,0,18.235,0,17113,1
0,0,0,0,1,0,0,0,0,1,11.28,0,313,0
0,0,0,0,1,0,0,0,1,0,18.235,0,44072,1
0,0,0,0,1,0,0,0,1,0,18.235,0,15,1
0,0,0,0,1,0,0,0,1,0,18.235,0,545,1
0,0,0,0,1,0,0,0,1,0,18.235,0,699,1
0,0,0,0,1,0,0,0,1,0,18.235,0,1140,1
0,0,0,0,1,0,0,0,1,0,18.235,0,946,1
0,0,0,0,1,0,0,0,1,0,18.235,0,37,1
0,0,0,0,1,0,0,0,1,0,18.235,0,4250,1
0,0,0,0,1,0,0,0,1,0,18.235,0,1833,1
0,0,0,0,1,0,0,0,1,0,18.235,0,4918,1
0,0,0,0,1,0,0,0,1,0,18.235,0,22902,1
0,0,0,0,1,0,0,0,1,0,18.235,0,15,1
0,0,0,0,1,0,0,0,1,0,18.235,0,49,1
0,0,0,0,1,0,0,0,0,1,11.28,0,200,1
0,0,0,0,1,0,0,0,1,0,18.235,0,25541,0
0,0,0,0,1,0,0,0,1,0,18.235,0,264,1
0,0,0,0,1,0,0,0,1,0,18.235,0,362,1
0,0,0,0,1,0,0,0,1,0,18.235,0,22725,1
0,0,0,0,1,0,0,0,1,0,18.235,0,311,1
0,0,0,0,1,0,0,0,0,1,6.4399999999999995,0,109,1
0,0,0,0,1,0,0,0,1,0,18.235,0,22902,1
0,0,0,0,1,0,0,0,1,0,18.235,0,282,1
0,0,0,0,1,0,0,0,1,0,18.235,0,5664,0
0,0,0,0,1,0,0,0,1,0,18.235,0,2277,1
0,0,0,0,1,0,0,0,1,0,18.235,0,111,0
0,0,0,0,1,0,0,0,1,0,18.235,0,25541,1
0,0,0,0,1,0,0,0,1,0,18.235,0,22902,1
0,0,0,0,1,0,0,0,1,0,18.235,0,489,1
0,0,0,0,1,0,0,0,1,0,18.235,0,6017,1
0,0,0,0,1,0,0,0,1,0,18.235,0,25541,1
0,0,0,0,1,0,0,0,1,0,18.235,0,376,1
0,0,0,0,1,0,0,0,1,0,18.235,0,25542,1
0,0,0,0,1,0,0,0,1,0,18.235,0,1272,1
0,0,0,0,1,0,0,0,1,0,18.235,0,22902,0
0,0,0,0,1,0,0,0,1,0,18.235,0,698,1
0,0,0,0,1,0,0,0,1,0,18.235,0,6017,0
0,0,0,0,1,0,0,0,1,0,18.235,0,1396,1
0,0,0,0,1,0,0,0,1,0,18.235,0,489,1
0,0,0,0,1,0,0,0,1,0,18.235,0,22902,1
0,0,0,0,1,0,0,0,0,1,7.87,0,394,1
0,0,0,0,1,0,0,0,1,0,18.235,0,1296,1
0,0,0,0,1,0,0,0,1,0,18.235,0,344,1
0,0,0,0,1,0,0,0,1,0,18.235,0,794,1
0,0,0,0,1,0,0,0,1,0,18.235,0,17113,0
0,0,0,0,1,0,0,0,0,1,12.145,0,113703,1
0,0,0,0,1,0,0,0,1,0,18.235,0,4,1
0,0,0,0,1,0,0,0,1,0,18.235,0,22902,0
0,0,0,0,1,0,0,0,1,0,18.235,0,44073,1
0,0,0,0,1,0,0,0,1,0,18.235,0,342,1
0,0,0,0,1,0,0,0,1,0,18.235,0,3448,1
0,0,0,0,1,0,0,0,1,0,18.235,0,5531,1
0,0,0,0,1,0,0,0,1,0,18.235,0,821,1
0,0,0,0,1,0,0,0,1,0,18.235,0,548,1
0,0,0,0,1,0,0,0,1,0,18.235,0,794,1
0,0,0,0,1,0,0,0,1,0,18.235,0,302,1
0,0,0,0,1,0,0,0,1,0,18.235,0,22902,0
0,0,0,0,1,0,0,0,1,0,18.235,0,3613,1
0,0,0,0,1,0,0,0,1,0,18.235,0,188,1
0,0,0,0,1,0,0,0,1,0,18.235,0,1255,1
0,0,0,0,1,0,0,0,0,1,18.8,0,614,1
0,0,0,0,1,0,0,0,1,0,18.235,0,3613,1
0,0,0,0,1,0,0,0,1,0,18.235,0,2437,1
0,0,0,0,1,0,0,0,1,0,18.235,0,302,1
0,0,0,0,1,0,0,0,1,0,18.235,0,3613,1
0,0,0,0,1,0,0,0,1,0,18.235,0,412,0
0,0,0,0,1,0,0,0,0,1,18.8,0,485,1
0,0,0,0,1,0,0,0,1,0,18.235,0,276,1
0,0,0,0,1,0,0,0,1,0,18.235,0,1321,1
0,0,0,0,1,0,0,0,1,0,18.235,0,2575,0
0,0,0,0,1,0,0,0,1,0,18.235,0,1295,1
0,0,0,0,1,0,0,0,1,0,18.235,0,794,1
0,0,0,0,1,0,0,0,1,0,18.235,0,18924,1
0,0,0,0,1,0,0,0,1,0,18.235,0,755,1
0,0,0,0,1,0,0,0,1,0,18.235,0,3613,0
0,0,0,0,1,0,0,0,1,0,18.235,0,794,1
0,0,0,0,1,0,0,0,0,1,7.87,0,236,1
0,0,0,0,1,0,0,0,1,0,18.235,0,54505,1
0,0,0,0,1,0,0,0,0,1,18.8,0,614,1
0,0,0,0,1,0,0,0,1,0,18.235,0,25542,1
0,0,0,0,1,0,0,0,1,0,18.235,0,3613,1
0,0,0,0,1,0,0,0,1,0,18.235,0,1745,1
0,0,0,0,1,0,0,0,0,1,11.28,0,629,1
0,0,0,0,1,0,0,0,1,0,18.235,0,3508,1
0,0,0,0,1,0,0,0,0,1,6.4399999999999995,0,100,0
0,0,0,0,1,0,0,0,1,0,18.235,0,794,1
0,0,0,0,1,0,0,0,1,0,18.235,0,3613,1
0,0,0,0,1,0,0,0,1,0,18.235,0,794,1
0,0,0,0,1,0,0,0,1,0,18.235,0,975,1
0,0,0,0,1,0,0,0,0,1,19.505,0,656,1
0,0,0,0,1,0,0,0,1,0,18.235,0,794,1
0,0,0,0,1,0,0,0,1,0,18.235,0,1255,1
0,0,0,0,1,0,0,0,1,0,18.235,0,759,1
0,0,0,0,1,0,0,0,1,0,18.235,0,2523,0
0,0,0,0,1,0,0,0,1,0,18.235,0,1911,1
0,0,0,0,1,0,0,0,1,0,18.235,0,109,1
0,0,0,0,1,0,0,0,1,0,18.235,0,280,1
0,0,0,0,1,0,0,0,0,1,11.28,0,8292,1
0,0,0,0,1,0,0,0,1,0,18.235,0,382,1
0,0,0,0,1,0,0,0,1,0,18.235,0,3450,1
0,0,0,0,1,0,0,0,1,0,18.235,0,1246,0
0,0,0,0,1,0,0,0,1,0,18.235,0,612,0
0,0,0,0,1,0,0,0,1,0,18.235,0,698,1
0,0,0,0,1,0,0,0,1,0,18.235,0,198,0
0,0,0,0,1,0,0,0,1,0,18.235,0,1246,1
0,0,0,0,1,0,0,0,0,1,11.28,0,629,0
0,0,0,0,1,0,0,0,0,1,18.8,0,614,1
0,0,0,0,1,0,0,0,0,1,11.28,0,176,1
0,0,0,0,1,0,0,0,1,0,18.235,0,336,1
0,0,0,0,1,0,0,0,1,0,18.235,0,22902,1
0,0,0,0,1,0,0,0,1,0,18.235,0,1246,1
0,0,0,0,1,0,0,0,0,1,11.28,0,8292,1
0,0,0,0,1,0,0,0,1,0,18.235,0,13547,0
0,0,0,0,1,0,0,0,0,1,11.28,0,1061,1
0,0,0,0,1,0,0,0,1,0,18.235,0,55486,0
0,0,0,0,1,0,0,0,1,0,18.235,0,4128,1
0,0,0,0,1,0,0,0,1,0,18.235,0,48,1
0,0,0,0,1,0,0,0,1,0,18.235,0,55486,0
0,0,0,0,1,0,0,0,1,0,18.235,0,429,1
0,0,0,0,1,0,0,0,1,0,18.235,0,1399,1
0,0,0,0,1,0,0,0,1,0,18.235,0,1745,1
0,0,0,0,1,0,0,0,0,1,18.8,0,614,1
0,0,0,0,1,0,0,0,1,0,18.235,0,1586,1
0,0,0,0,1,0,0,0,0,1,12.78,0,558,1
0,0,0,0,1,0,0,0,0,1,6.4399999999999995,0,1594,1
0,0,0,0,1,0,0,0,0,1,19.505,0,4327,1
0,0,0,0,1,0,0,0,1,0,18.235,0,15068,0
0,0,0,0,1,0,0,0,1,0,18.235,0,1998,1
0,0,0,0,1,0,0,0,0,1,6.4399999999999995,0,1594,1
0,0,0,0,1,0,0,0,1,0,18.235,0,1344,1
0,0,0,0,1,0,0,0,1,0,18.235,0,22902,1
0,0,0,0,1,0,0,0,1,0,18.235,0,44073,1
0,0,0,0,1,0,0,0,0,1,11.28,0,8292,0
0,0,0,0,1,0,0,0,1,0,18.235,0,15068,1
0,0,0,0,1,0,0,0,0,1,19.505,0,82,1
0,0,0,0,1,0,0,0,1,0,18.235,0,338,1
0,0,0,0,1,0,0,0,1,0,18.235,0,603,1
0,0,0,0,1,0,0,0,0,1,6.4399999999999995,0,1594,1
0,0,0,0,1,0,0,0,1,0,18.235,0,1305,1
0,0,0,0,1,0,0,0,1,0,18.235,0,110,1
0,0,0,0,1,0,0,0,1,0,18.235,0,1115,1
0,0,0,0,1,0,0,0,0,1,11.28,0,2476,1
0,0,0,0,1,0,0,0,1,0,18.235,0,4128,1
0,0,0,0,1,0,0,0,0,1,6.4399999999999995,0,1594,0
